frame,time_s,x,y,observed_angle_rad,fitted_angle_rad,angle_residual_rad, fitted_omega_rad_per_s
0,0,686.248,284.257,0.351952,0.350327,0.00162521,1.70543
1,0.0166667,683.811,278.209,0.381635,0.378846,0.00278956,1.71683
2,0.0333333,681.865,272.208,0.41023,0.407553,0.00267715,1.72796
3,0.05,678.706,266.788,0.438616,0.436443,0.00217359,1.7388
4,0.0666667,676.172,260.749,0.468387,0.465511,0.00287534,1.74935
5,0.0833333,673.159,255.21,0.49707,0.494753,0.00231725,1.75959
6,0.1,670.146,249.245,0.527433,0.524162,0.00327071,1.76952
7,0.116667,666.781,243.796,0.55654,0.553735,0.00280445,1.77914
8,0.133333,663.201,238.223,0.586652,0.583465,0.00318643,1.78843
9,0.15,659.212,232.814,0.617202,0.613348,0.00385438,1.79739
10,0.166667,655.757,227.872,0.644628,0.643377,0.00125185,1.80602
11,0.183333,651.789,222.183,0.676108,0.673546,0.00256147,1.81429
12,0.2,647.222,217.189,0.706823,0.703851,0.00297209,1.82222
13,0.216667,642.789,212.224,0.737095,0.734285,0.00281017,1.82979
14,0.233333,638.142,207.19,0.768251,0.764842,0.00340903,1.837
15,0.25,633.856,202.221,0.797986,0.795516,0.00247009,1.84384
16,0.266667,628.826,197.909,0.828037,0.826301,0.00173607,1.8503
17,0.283333,623.827,193.223,0.859152,0.857191,0.00196113,1.85639
18,0.3,618.253,188.802,0.891463,0.888179,0.00328378,1.86209
19,0.316667,613.14,184.794,0.920985,0.919259,0.00172608,1.86741
20,0.333333,607.148,180.785,0.953742,0.950424,0.0033183,1.87234
21,0.35,601.845,176.834,0.983799,0.981668,0.00213137,1.87687
22,0.366667,596.225,172.828,1.01511,1.01298,0.00212924,1.881
23,0.383333,590.192,169.171,1.04713,1.04437,0.00276813,1.88473
24,0.4,584.115,165.884,1.07849,1.07581,0.00268419,1.88806
25,0.416667,577.856,162.829,1.11011,1.1073,0.00281487,1.89098
26,0.433333,571.855,159.842,1.14055,1.13884,0.00171831,1.89349
27,0.45,565.17,156.834,1.17384,1.17041,0.00342253,1.89559
28,0.466667,558.748,154.218,1.20531,1.20202,0.00329131,1.89728
29,0.483333,552.179,151.828,1.23704,1.23365,0.00338789,1.89855
30,0.5,545.827,149.842,1.26725,1.2653,0.0019451,1.89941
31,0.516667,539.122,147.827,1.29904,1.29696,0.0020755,1.89986
32,0.533333,532.18,145.842,1.3318,1.32863,0.003174,1.89989
33,0.55,525.863,144.232,1.36135,1.36029,0.00106304,1.8995
34,0.566667,518.821,143.237,1.39358,1.39194,0.00163885,1.8987
35,0.583333,511.818,141.801,1.42599,1.42358,0.0024158,1.89748
36,0.6,505.182,140.758,1.45644,1.45519,0.00124894,1.89585
37,0.616667,498.149,140.183,1.48842,1.48677,0.00164599,1.8938
38,0.633333,491.235,139.869,1.5198,1.51832,0.00148831,1.89135
39,0.65,484.213,139.861,1.55166,1.54981,0.00184764,1.88848
40,0.666667,477.245,139.848,1.58331,1.58126,0.00204949,1.88521
41,0.683333,470.189,139.839,1.61533,1.61265,0.00267749,1.88153
42,0.7,463.829,140.243,1.64425,1.64398,0.000269725,1.87745
43,0.716667,456.789,140.817,1.6763,1.67523,0.00107073,1.87298
44,0.733333,449.836,141.801,1.70817,1.70641,0.00175988,1.8681
45,0.75,443.201,142.851,1.73866,1.7375,0.00116415,1.86284
46,0.766667,436.185,143.837,1.77078,1.7685,0.00228088,1.85719
47,0.783333,429.883,145.182,1.8,1.7994,0.00059322,1.85115
48,0.8,423.184,146.839,1.83128,1.8302,0.0010745,1.84474
49,0.816667,416.812,148.701,1.86138,1.86089,0.000483377,1.83795
50,0.833333,410.285,150.678,1.89229,1.89147,0.000827564,1.83079
51,0.85,403.779,152.77,1.92325,1.92192,0.00132901,1.82327
52,0.866667,397.87,155.227,1.95223,1.95224,-6.49548e-06,1.81539
53,0.883333,391.884,157.786,1.98174,1.98243,-0.000684177,1.80716
54,0.9,385.795,160.815,2.01257,2.01248,9.67809e-05,1.79858
55,0.916667,379.842,163.158,2.04148,2.04238,-0.000898261,1.78967
56,0.933333,373.831,166.841,2.07337,2.07213,0.00123663,1.78042
57,0.95,368.196,169.782,2.10217,2.10173,0.000448721,1.77085
58,0.966667,362.821,173.165,2.13096,2.13116,-0.000197238,1.76096
59,0.983333,357.21,176.812,2.16131,2.16042,0.000883994,1.75075
60,1,351.894,180.19,2.18983,2.18951,0.000317948,1.74025
61,1.01667,346.861,184.291,2.21922,2.21843,0.000794202,1.72945
62,1.03333,341.867,187.811,2.24689,2.24716,-0.000272337,1.71836
63,1.05,336.869,191.802,2.27585,2.27571,0.000147145,1.707
64,1.06667,332.238,196.236,2.30487,2.30406,0.000813389,1.69536
65,1.08333,327.832,200.213,2.33178,2.33222,-0.000439505,1.68346
66,1.1,323.21,204.823,2.36137,2.36017,0.00119211,1.67132
67,1.11667,319.23,208.866,2.38708,2.38793,-0.000844638,1.65892
68,1.13333,315.19,213.16,2.41379,2.41547,-0.00167965,1.6463
69,1.15,311.272,217.866,2.44153,2.4428,-0.00126619,1.63345
70,1.16667,307.243,222.809,2.47044,2.46992,0.000526945,1.62039
71,1.18333,303.805,227.191,2.49569,2.49681,-0.00112188,1.60712
72,1.2,300.292,231.889,2.52227,2.52349,-0.0012135,1.59366
73,1.21667,296.843,236.77,2.54935,2.54993,-0.000584731,1.58001
74,1.23333,293.804,241.788,2.57592,2.57615,-0.000230355,1.56619
75,1.25,290.782,246.248,2.60032,2.60214,-0.00182389,1.55221
76,1.26667,287.87,251.199,2.62633,2.62789,-0.00156373,1.53807
77,1.28333,285.201,256.204,2.65202,2.65341,-0.0013829,1.52379
78,1.3,282.818,261.196,2.67708,2.67868,-0.00160528,1.50938
79,1.31667,280.154,266.164,2.70261,2.70372,-0.00111036,1.49485
80,1.33333,277.865,271.22,2.72775,2.72851,-0.000765712,1.48021
81,1.35,275.797,276.139,2.75192,2.75306,-0.00113825,1.46547
82,1.36667,273.901,281.207,2.77643,2.77736,-0.000926319,1.45064
83,1.38333,272.244,286.224,2.80037,2.80141,-0.00104123,1.43574
84,1.4,270.248,291.205,2.82467,2.82522,-0.000551501,1.42078
85,1.41667,268.804,296.24,2.84839,2.84877,-0.000377391,1.40576
86,1.43333,267.323,300.799,2.8701,2.87208,-0.00197317,1.39069
87,1.45,266.291,305.829,2.89334,2.89513,-0.00178676,1.3756
88,1.46667,264.835,310.812,2.91685,2.91793,-0.00108015,1.36049
89,1.48333,263.832,315.803,2.93992,2.94048,-0.000562662,1.34537
90,1.5,262.789,320.217,2.96045,2.96277,-0.00232805,1.33025
91,1.51667,262.292,325.177,2.98299,2.98482,-0.00183482,1.31515
92,1.53333,261.235,329.819,3.0045,3.00661,-0.0021153,1.30007
93,1.55,260.83,334.78,3.02703,3.02816,-0.00112892,1.28503
94,1.56667,260.207,339.233,3.04739,3.04945,-0.00206214,1.27005
95,1.58333,260.153,343.771,3.06791,3.07049,-0.00258202,1.25512
96,1.6,259.817,348.811,3.09082,3.09129,-0.000465667,1.24026
97,1.61667,259.857,353.166,3.11056,3.11183,-0.0012755,1.22549
98,1.63333,259.82,357.828,3.13173,3.13214,-0.000407933,1.21081
99,1.65,259.82,361.828,3.14989,3.15219,-0.00230011,1.19623
100,1.66667,259.845,366.225,3.16986,3.17201,-0.00214843,1.18178
101,1.68333,259.824,370.796,3.19059,3.19159,-0.00100248,1.16745
102,1.7,260.223,374.789,3.20878,3.21093,-0.0021432,1.15325
103,1.71667,260.207,379.208,3.22876,3.23003,-0.00126594,1.13921
104,1.73333,260.854,383.183,3.24699,3.2489,-0.00191237,1.12533
105,1.75,261.232,387.143,3.26504,3.26754,-0.00250665,1.11161
106,1.76667,261.873,391.214,3.28373,3.28596,-0.00222869,1.09808
107,1.78333,262.215,395.186,3.30177,3.30415,-0.0023757,1.08473
108,1.8,263.202,399.176,3.32036,3.32211,-0.00175028,1.07159
109,1.81667,263.808,402.795,3.33702,3.33987,-0.00285018,1.05866
110,1.83333,264.896,406.774,3.35571,3.3574,-0.00169764,1.04595
111,1.85,265.211,410.16,3.37101,3.37473,-0.00372116,1.03346
112,1.86667,266.256,414.228,3.39006,3.39185,-0.00179973,1.02122
113,1.88333,267.203,417.816,3.40688,3.40877,-0.00189266,1.00923
114,1.9,268.217,421.217,3.42298,3.4255,-0.00251808,0.997489
115,1.91667,269.272,424.811,3.43997,3.44203,-0.00205795,0.986019
116,1.93333,270.781,428.232,3.45684,3.45837,-0.00152288,0.974824
117,1.95,271.879,431.809,3.47384,3.47452,-0.000686527,0.963912
118,1.96667,272.806,434.786,3.48798,3.4905,-0.00251388,0.953293
119,1.98333,274.307,438.154,3.5047,3.5063,-0.00160206,0.942974
120,2,275.217,441.168,3.51896,3.52193,-0.00297223,0.932962
121,2.01667,276.8,444.8,3.53694,3.5374,-0.000456677,0.923266
122,2.03333,277.855,447.79,3.55131,3.55271,-0.00140187,0.913892
123,2.05,279.287,450.815,3.56649,3.56787,-0.00137532,0.904848
124,2.06667,280.793,453.858,3.5819,3.58287,-0.000970765,0.896141
125,2.08333,282.25,456.798,3.5968,3.59774,-0.000935822,0.887777
126,2.1,283.856,459.147,3.60961,3.61247,-0.00285317,0.879762
127,2.11667,285.206,462.166,3.62464,3.62707,-0.0024307,0.872103
128,2.13333,286.778,465.18,3.64009,3.64154,-0.00145301,0.864806
129,2.15,288.304,467.817,3.65394,3.65589,-0.00195915,0.857875
130,2.16667,289.854,470.805,3.66922,3.67014,-0.00091711,0.851316
131,2.18333,291.202,473.199,3.6817,3.68427,-0.00257389,0.845135
132,2.2,292.883,475.745,3.69555,3.69831,-0.00275658,0.839335
133,2.21667,294.259,478.721,3.71032,3.71225,-0.00193433,0.833921
134,2.23333,296.268,481.169,3.72461,3.72611,-0.00150147,0.828897
135,2.25,297.796,483.77,3.73828,3.73989,-0.00160137,0.824268
136,2.26667,299.795,486.229,3.75264,3.75359,-0.00095126,0.820036
137,2.28333,301.253,488.816,3.76605,3.76722,-0.00117309,0.816205
138,2.3,303.241,490.836,3.77879,3.7808,-0.00200771,0.812777
139,2.31667,304.78,493.203,3.79159,3.79432,-0.00272565,0.809755
140,2.33333,306.867,495.817,3.80679,3.80779,-0.00100171,0.807143
141,2.35,308.858,497.81,3.81952,3.82122,-0.00170576,0.80494
142,2.36667,310.221,500.236,3.83198,3.83462,-0.00264332,0.80315
143,2.38333,312.221,502.236,3.84478,3.848,-0.00321569,0.801773
144,2.4,314.257,504.782,3.85959,3.86135,-0.00175989,0.80081
145,2.41667,316.227,506.801,3.8724,3.87469,-0.00229518,0.800263
146,2.43333,318.216,509.157,3.88641,3.88803,-0.00162461,0.800132
147,2.45,320.22,511.165,3.89929,3.90137,-0.00207708,0.800416
148,2.46667,322.197,513.174,3.91211,3.91471,-0.00260522,0.801116
149,2.48333,324.197,515.174,3.92497,3.92807,-0.00310439,0.802231
150,2.5,326.197,517.174,3.93783,3.94146,-0.00362487,0.80376
151,2.51667,328.231,519.14,3.95069,3.95487,-0.0041769,0.805702
152,2.53333,330.803,521.845,3.96763,3.96832,-0.000683722,0.808056
153,2.55,332.803,523.845,3.98046,3.98181,-0.00134233,0.81082
154,2.56667,335.252,525.104,3.99259,3.99535,-0.00275374,0.813991
155,2.58333,337.221,527.134,4.00541,4.00894,-0.00352663,0.817567
156,2.6,339.886,529.196,4.02074,4.0226,-0.00186099,0.821546
157,2.61667,342.231,531.14,4.0346,4.03633,-0.0017289,0.825925
158,2.63333,344.231,533.14,4.04738,4.05013,-0.00275265,0.8307
159,2.65,346.84,534.849,4.06152,4.06402,-0.00249765,0.835867
160,2.66667,349.223,536.819,4.07557,4.078,-0.00242787,0.841423
161,2.68333,351.824,538.844,4.09055,4.09207,-0.00152049,0.847364
162,2.7,354.291,540.224,4.10333,4.10624,-0.00291042,0.853685
163,2.71667,356.867,542.183,4.11804,4.12053,-0.00249028,0.860381
164,2.73333,359.87,543.784,4.13345,4.13493,-0.00147434,0.867448
165,2.75,362.296,545.826,4.14776,4.14945,-0.00168144,0.874879
166,2.76667,364.877,547.191,4.16101,4.16409,-0.00307945,0.882669
167,2.78333,367.819,549.183,4.17715,4.17887,-0.00171776,0.890813
168,2.8,370.868,550.736,4.19269,4.19379,-0.00109577,0.899304
169,2.81667,373.841,552.149,4.20764,4.20885,-0.00120536,0.908136
170,2.83333,376.216,553.841,4.22082,4.22406,-0.00324092,0.917302
171,2.85,379.268,555.148,4.23588,4.23943,-0.00354943,0.926795
172,2.86667,382.259,556.724,4.25127,4.25495,-0.00368625,0.936608
173,2.88333,385.783,558.132,4.26851,4.27065,-0.00213839,0.946734
174,2.9,388.843,559.783,4.28433,4.28651,-0.00218913,0.957165
175,2.91667,391.862,561.14,4.2994,4.30256,-0.00315793,0.967893
176,2.93333,395.208,562.766,4.31631,4.31878,-0.00246747,0.978909
177,2.95,398.751,564.196,4.3337,4.33519,-0.00149054,0.990206
178,2.96667,402.266,565.152,4.3502,4.35179,-0.00159181,1.00178
179,2.98333,405.215,566.831,4.36544,4.36858,-0.00314112,1.01361
180,3,409.228,567.828,4.38417,4.38558,-0.00140158,1.0257
181,3.01667,412.773,569.126,4.40136,4.40277,-0.00141718,1.03803
182,3.03333,416.263,570.191,4.41797,4.42018,-0.00220797,1.0506
183,3.05,419.913,571.16,4.43516,4.43779,-0.00263577,1.06339
184,3.06667,423.837,572.171,4.45362,4.45563,-0.00200763,1.0764
185,3.08333,427.913,573.16,4.47273,4.47368,-0.000947788,1.08962
186,3.1,431.877,574.118,4.49131,4.49195,-0.000636093,1.10303
187,3.11667,435.18,575.163,4.50702,4.51044,-0.00342464,1.11664
188,3.13333,439.858,575.697,4.52839,4.52917,-0.000779165,1.13041
189,3.15,443.895,576.788,4.54736,4.54813,-0.000765003,1.14436
190,3.16667,447.885,577.152,4.56556,4.56732,-0.00175191,1.15846
191,3.18333,452.274,577.781,4.58576,4.58674,-0.00098411,1.1727
192,3.2,456.327,578.209,4.60432,4.60641,-0.00208278,1.18708
193,3.21667,460.909,578.803,4.62536,4.62631,-0.000952353,1.20158
194,3.23333,465.206,579.179,4.64499,4.64646,-0.00146779,1.2162
195,3.25,469.85,579.205,4.66612,4.66685,-0.000734434,1.23091
196,3.26667,474.231,579.212,4.68608,4.68749,-0.00141261,1.24572
197,3.28333,478.835,579.175,4.70707,4.70838,-0.00130336,1.2606
198,3.3,483.213,579.154,4.72705,4.72951,-0.00246044,1.27555
199,3.31667,488.231,579.212,4.74992,4.7509,-0.000975905,1.29056
200,3.33333,492.801,579.187,4.77072,4.77253,-0.00180541,1.30561
201,3.35,497.854,578.701,4.79384,4.79442,-0.000572476,1.3207
202,3.36667,502.323,578.203,4.81434,4.81655,-0.00221343,1.33581
203,3.38333,507.214,577.765,4.83672,4.83894,-0.00222757,1.35093
204,3.4,512.265,577.186,4.85987,4.86158,-0.00171361,1.36605
205,3.41667,517.213,576.142,4.88289,4.88448,-0.00159114,1.38115
206,3.43333,522.242,575.182,4.90623,4.90762,-0.00139172,1.39624
207,3.45,527.213,574.142,4.92939,4.93102,-0.0016264,1.41129
208,3.46667,532.231,573.203,4.95264,4.95467,-0.00202604,1.42629
209,3.48333,537.257,571.935,4.97625,4.97856,-0.00230916,1.44123
210,3.5,542.221,570.217,5.00016,5.00271,-0.00254933,1.45611
211,3.51667,547.814,568.841,5.02636,5.0271,-0.000734353,1.4709
212,3.53333,552.784,566.796,5.05081,5.05174,-0.0009257,1.48561
213,3.55,557.802,565.117,5.07493,5.07662,-0.00168874,1.50021
214,3.56667,562.79,563.149,5.09937,5.10174,-0.00236745,1.5147
215,3.58333,568.252,560.767,5.12654,5.12711,-0.000569215,1.52906
216,3.6,573.262,558.772,5.15109,5.15271,-0.00162364,1.54329
217,3.61667,578.24,556.196,5.17662,5.17855,-0.00193266,1.55737
218,3.63333,583.192,553.183,5.20299,5.20462,-0.0016269,1.57129
219,3.65,588.79,550.74,5.23073,5.23092,-0.000196321,1.58505
220,3.66667,593.824,547.743,5.25741,5.25746,-4.71381e-05,1.59863
221,3.68333,598.853,544.775,5.28399,5.28421,-0.000220904,1.61202
222,3.7,603.248,541.186,5.30972,5.31119,-0.00146655,1.62522
223,3.71667,608.266,537.793,5.33735,5.33838,-0.00102946,1.6382
224,3.73333,613.178,534.239,5.36501,5.36579,-0.000788705,1.65097
225,3.75,617.877,530.206,5.39323,5.39341,-0.000181351,1.66351
226,3.76667,622.851,526.793,5.42062,5.42124,-0.000623612,1.67581
227,3.78333,627.182,522.209,5.44926,5.44927,-1.68929e-05,1.68787
228,3.8,631.839,518.202,5.47727,5.4775,-0.000236644,1.69967
229,3.81667,636.33,513.849,5.50578,5.50593,-0.00014378,1.71121
230,3.83333,640.827,509.147,5.53545,5.53454,0.000905379,1.72247
231,3.85,644.807,504.792,5.56235,5.56334,-0.000997114,1.73346
232,3.86667,649.132,499.869,5.59221,5.59232,-0.000113602,1.74415
233,3.88333,653.134,494.817,5.62158,5.62148,9.99322e-05,1.75454
234,3.9,656.743,489.797,5.64975,5.65081,-0.00105374,1.76463
235,3.91667,660.708,484.142,5.68126,5.6803,0.000958403,1.77441
236,3.93333,664.229,478.762,5.71059,5.70995,0.000635496,1.78386
237,3.95,667.856,473.181,5.74094,5.73976,0.00118038,1.79299
238,3.96667,671.156,467.862,5.76946,5.76972,-0.000254822,1.80178
239,3.98333,674.227,461.779,5.80051,5.79982,0.000689387,1.81023
240,4,677.171,455.813,5.83085,5.83005,0.000793036,1.81833
241,4.01667,680.274,449.812,5.86162,5.86042,0.00119989,1.82608
242,4.03333,682.794,443.844,5.89114,5.89092,0.000219784,1.83347
243,4.05,685.148,437.205,5.92324,5.92154,0.00170273,1.84049
244,4.06667,687.867,431.217,5.95311,5.95227,0.000840904,1.84714
245,4.08333,689.845,424.807,5.98365,5.98311,0.000538019,1.85342
246,4.1,691.849,418.148,6.0153,6.01405,0.00125681,1.85931
247,4.11667,693.166,411.851,6.04458,6.04508,-0.000504863,1.86482
248,4.13333,694.83,404.799,6.0776,6.07621,0.00139113,1.86994
249,4.15,696.228,398.204,6.10831,6.10741,0.000893339,1.87467
250,4.16667,697.208,391.17,6.14066,6.13869,0.00196355,1.879
251,4.18333,698.19,384.219,6.17264,6.17004,0.0025977,1.88293
252,4.2,698.779,377.8,6.202,6.20146,0.000548225,1.88646
253,4.21667,699.103,370.866,6.23363,6.23292,0.000709701,1.88958
254,4.23333,699.14,363.751,6.26607,6.26444,0.00163195,1.8923
255,4.25,699.103,356.866,6.29749,6.296,0.0014907,1.8946
256,4.26667,699.186,349.829,6.32956,6.32759,0.00196644,1.89649
257,4.28333,698.773,342.868,6.36134,6.35921,0.00212493,1.89797
258,4.3,698.219,335.827,6.39351,6.39085,0.00265473,1.89904
259,4.31667,697.154,329.219,6.424,6.42251,0.00148614,1.89969
260,4.33333,696.241,322.247,6.45603,6.45417,0.00185596,1.89992
261,4.35,695.143,315.24,6.4883,6.48584,0.00246649,1.89974
262,4.36667,693.897,308.804,6.51812,6.5175,0.000618841,1.89915
263,4.38333,691.881,301.838,6.55109,6.54914,0.0019498,1.89813
264,4.4,689.849,295.181,6.58277,6.58077,0.00200545,1.89671
265,4.41667,687.762,288.196,6.61594,6.61236,0.00358025,1.89487
266,4.43333,685.2,281.766,6.64743,6.64393,0.00350467,1.89262
267,4.45,682.805,275.753,6.6769,6.67545,0.00145445,1.88995
268,4.46667,680.162,269.159,6.70923,6.70692,0.0023053,1.88688
269,4.48333,677.192,262.812,6.74111,6.73834,0.00276426,1.88341
270,4.5,674.262,256.744,6.77174,6.7697,0.002039,1.87953
271,4.51667,670.845,250.78,6.80298,6.80099,0.00199406,1.87525
272,4.53333,667.195,244.761,6.835,6.83221,0.00279921,1.87057
273,4.55,663.803,238.787,6.86619,6.86334,0.00285006,1.8655
274,4.56667,659.862,233.189,6.89729,6.89439,0.00290301,1.86004
275,4.58333,655.786,227.875,6.92772,6.92534,0.00238518,1.8542
276,4.6,651.83,222.206,6.9591,6.95619,0.00290483,1.84797
277,4.61667,647.186,217.223,6.99,6.98694,0.00306357,1.84136
278,4.63333,642.804,212.241,7.02018,7.01757,0.00261181,1.83439
279,4.65,638.23,207.227,7.05104,7.04808,0.00295677,1.82705
280,4.66667,633.779,202.18,7.08155,7.07847,0.00308389,1.81935
281,4.68333,628.77,197.834,7.11164,7.10872,0.0029167,1.81129
282,4.7,623.831,193.23,7.14231,7.13884,0.00346332,1.80288
283,4.71667,618.836,189.245,7.17132,7.16882,0.00250286,1.79414
284,4.73333,613.831,185.23,7.20048,7.19864,0.00183078,1.78505
285,4.75,608.147,181.24,7.23203,7.22832,0.00370782,1.77564
286,4.76667,603.177,177.155,7.26115,7.25783,0.00331542,1.76591
287,4.78333,597.811,173.836,7.28977,7.28718,0.00258912,1.75586
288,4.8,592.254,170.827,7.31843,7.31636,0.00207673,1.7455
289,4.81667,586.803,167.231,7.34804,7.34536,0.0026756,1.73485
290,4.83333,581.226,164.225,7.37678,7.37418,0.00259998,1.7239
291,4.85,575.156,161.858,7.40627,7.40282,0.00344349,1.71267
292,4.86667,569.684,158.775,7.43472,7.43127,0.00344456,1.70117
293,4.88333,564.226,156.29,7.46192,7.45953,0.00239788,1.6894
294,4.9,558.226,154.29,7.4906,7.48758,0.00301135,1.67738
295,4.91667,552.744,152.247,7.51717,7.51544,0.00173638,1.66511
296,4.93333,546.732,150.268,7.54593,7.54309,0.00284732,1.65259
297,4.95,541.235,148.229,7.5725,7.57052,0.00197905,1.63986
298,4.96667,535.169,146.827,7.60074,7.59775,0.00299173,1.6269
299,4.98333,529.811,145.239,7.62608,7.62475,0.00132404,1.61373
300,5,523.787,143.856,7.65411,7.65154,0.00256995,1.60036
301,5.01667,518.231,142.854,7.67971,7.6781,0.00161158,1.58681
302,5.03333,512.172,141.839,7.70757,7.70443,0.00313704,1.57307
303,5.05,506.755,141.323,7.73224,7.73053,0.0017077,1.55917
304,5.06667,500.787,140.833,7.75942,7.7564,0.00302042,1.5451
305,5.08333,495.195,140.264,7.78494,7.78203,0.0029059,1.5309
306,5.1,489.779,139.786,7.80961,7.80743,0.0021769,1.51655
307,5.11667,484.227,139.808,7.83479,7.83258,0.00220353,1.50208
308,5.13333,478.789,139.811,7.85948,7.8575,0.00198453,1.48749
309,5.15,473.243,139.852,7.88466,7.88217,0.0024971,1.4728
310,5.16667,467.778,139.816,7.90943,7.90659,0.00284023,1.45801
311,5.18333,462.785,140.327,7.93219,7.93077,0.00142344,1.44315
312,5.2,457.266,140.873,7.95736,7.9547,0.00266328,1.42821
313,5.21667,452.208,141.258,7.98036,7.97837,0.00198606,1.41322
314,5.23333,447.204,141.801,8.00317,8.0018,0.00136688,1.39817
315,5.25,442.22,142.796,8.0262,8.02498,0.00121808,1.3831
316,5.26667,437.196,143.838,8.04947,8.04791,0.00156629,1.36799
317,5.28333,432.2,144.809,8.07256,8.07058,0.00198242,1.35287
318,5.3,427.196,145.838,8.09572,8.093,0.00272076,1.33775
319,5.31667,422.795,146.894,8.11624,8.11517,0.00106424,1.32264
320,5.33333,417.783,148.212,8.13971,8.13709,0.00262487,1.30755
321,5.35,413.205,149.862,8.16174,8.15876,0.0029887,1.29249
322,5.36667,408.842,151.184,8.18241,8.18017,0.00223654,1.27748
323,5.38333,404.818,152.819,8.20208,8.20134,0.000745223,1.26252
324,5.4,400.242,154.226,8.22375,8.22226,0.00149313,1.24763
325,5.41667,396.214,155.887,8.2435,8.24293,0.000569726,1.23281
326,5.43333,391.828,157.918,8.2654,8.26335,0.00204855,1.21808
327,5.45,387.826,159.907,8.28566,8.28353,0.0021311,1.20345
328,5.46667,383.842,161.22,8.30454,8.30347,0.0010693,1.18894
329,5.48333,379.848,163.182,8.32469,8.32316,0.00152732,1.17454
330,5.5,376.227,165.17,8.34339,8.34262,0.000773869,1.16028
331,5.51667,372.243,167.179,8.36359,8.36184,0.0017523,1.14616
332,5.53333,368.848,169.152,8.38137,8.38083,0.000540785,1.1322
333,5.55,365.171,171.191,8.40039,8.39958,0.000813067,1.1184
334,5.56667,361.818,173.836,8.41962,8.41811,0.00150965,1.10477
335,5.58333,358.268,175.86,8.43811,8.43641,0.00170031,1.09133
336,5.6,355.141,178.153,8.45567,8.45448,0.00118423,1.07809
337,5.61667,351.84,180.22,8.4733,8.47234,0.000952034,1.06505
338,5.63333,348.787,182.822,8.49142,8.48999,0.00143151,1.05223
339,5.65,345.814,184.805,8.5076,8.50742,0.000178772,1.03963
340,5.66667,342.843,187.256,8.52505,8.52464,0.000404824,1.02727
341,5.68333,339.851,189.863,8.54303,8.54166,0.00136872,1.01515
342,5.7,336.796,191.847,8.55942,8.55848,0.000937729,1.00328
343,5.71667,334.226,194.281,8.57543,8.57511,0.000326814,0.991678
344,5.73333,331.206,196.825,8.59332,8.59154,0.00177529,0.980346
345,5.75,328.789,199.179,8.60859,8.60779,0.000803705,0.969293
346,5.76667,326.198,201.84,8.62541,8.62385,0.0015589,0.958527
347,5.78333,323.79,204.224,8.64077,8.63974,0.00103194,0.948058
348,5.8,321.206,206.825,8.65739,8.65546,0.0019346,0.937893
349,5.81667,318.822,209.19,8.6726,8.671,0.00159695,0.928039
350,5.83333,316.825,211.794,8.68741,8.68639,0.00102177,0.918504
351,5.85,314.226,214.26,8.7036,8.70162,0.00198038,0.909296
352,5.86667,312.243,216.789,8.71815,8.7167,0.00144937,0.900421
353,5.88333,310.24,219.185,8.73231,8.73164,0.000671018,0.891885
354,5.9,308.193,221.836,8.7475,8.74644,0.0010601,0.883697
355,5.91667,306.227,224.259,8.76164,8.7611,0.000546575,0.87586
356,5.93333,304.226,226.787,8.77626,8.77563,0.000631786,0.868383
357,5.95,302.192,229.171,8.79043,8.79005,0.000388703,0.861269
358,5.96667,300.187,231.798,8.8054,8.80434,0.0010517,0.854525
359,5.98333,298.768,234.22,8.81807,8.81853,-0.000462445,0.848156
360,6,296.754,236.745,8.83267,8.83262,4.82995e-05,0.842166
361,6.01667,295.229,239.173,8.84564,8.84661,-0.000961511,0.83656
362,6.03333,293.776,241.8,8.85922,8.8605,-0.00128459,0.831342
363,6.05,291.821,244.828,8.87556,8.87432,0.00123548,0.826516
364,6.06667,290.212,247.161,8.88837,8.88806,0.000314578,0.822087
365,6.08333,288.826,249.765,8.90173,8.90172,6.26191e-07,0.818056
366,6.1,287.163,252.242,8.9152,8.91533,-0.000129334,0.814428
367,6.11667,285.835,254.848,8.92844,8.92887,-0.00043775,0.811204
368,6.13333,284.8,257.777,8.94237,8.94237,-4.89833e-06,0.808388
369,6.15,283.156,260.23,8.95566,8.95582,-0.000159379,0.805982
370,6.16667,281.868,262.831,8.96882,8.96924,-0.00041999,0.803987
371,6.18333,280.818,265.828,8.98313,8.98263,0.000506497,0.802404
372,6.2,279.111,268.214,8.9962,8.99599,0.000212552,0.801236
373,6.21667,278.276,270.774,9.00833,9.00934,-0.00100236,0.800483
374,6.23333,276.797,273.832,9.02371,9.02267,0.00103764,0.800145
375,6.25,275.818,276.2,9.03532,9.03601,-0.000686244,0.800223
376,6.26667,274.724,278.741,9.04785,9.04935,-0.00149627,0.800717
377,6.28333,273.784,281.789,9.06227,9.0627,-0.000431138,0.801626
378,6.3,272.796,284.228,9.0742,9.07607,-0.00187514,0.80295
379,6.31667,271.883,287.198,9.08827,9.08947,-0.00119887,0.804687
380,6.33333,270.761,290.245,9.10299,9.1029,9.18234e-05,0.806836
381,6.35,269.865,292.801,9.11527,9.11637,-0.00110004,0.809397
382,6.36667,268.794,295.808,9.12972,9.12988,-0.000160516,0.812366
383,6.38333,268.221,298.789,9.14341,9.14345,-3.58493e-05,0.815741
384,6.4,267.151,301.167,9.1551,9.15707,-0.00196971,0.819521
385,6.41667,266.781,304.23,9.16895,9.17077,-0.00181867,0.823702
386,6.43333,265.839,307.234,9.18321,9.18453,-0.00132744,0.82828
387,6.45,265.171,310.18,9.1969,9.19838,-0.00147586,0.833253
388,6.46667,264.192,313.196,9.21121,9.21231,-0.00110365,0.838617
389,6.48333,263.846,316.175,9.22474,9.22633,-0.00159583,0.844368
390,6.5,263.235,319.175,9.23862,9.24046,-0.00183728,0.8505
391,6.51667,262.797,322.183,9.2524,9.25469,-0.00228829,0.857011
392,6.53333,262.208,325.833,9.26917,9.26903,0.000141238,0.863894
393,6.55,261.781,328.808,9.2828,9.28349,-0.000686288,0.871145
394,6.56667,261.253,331.849,9.29679,9.29807,-0.00127791,0.878758
395,6.58333,260.804,335.171,9.31198,9.31278,-0.000795619,0.886727
396,6.6,260.829,338.207,9.32567,9.32763,-0.0019566,0.895047
397,6.61667,260.178,341.81,9.34222,9.34262,-0.000396652,0.90371
398,6.63333,259.771,344.847,9.35608,9.35775,-0.00167257,0.912711
399,6.65,259.757,348.226,9.37137,9.37304,-0.0016698,0.922043
400,6.66667,259.838,351.789,9.3875,9.38849,-0.000989849,0.931698
401,6.68333,259.82,355.172,9.40285,9.4041,-0.00124546,0.94167
402,6.7,259.799,358.859,9.4196,9.41988,-0.000281063,0.95195
403,6.71667,259.858,362.199,9.43477,9.43583,-0.00106664,0.962531
404,6.73333,259.86,365.806,9.45115,9.45197,-0.00081778,0.973405
405,6.75,259.805,369.25,9.46676,9.46828,-0.00151953,0.984564
406,6.76667,259.777,372.87,9.48315,9.48479,-0.00163186,0.996
407,6.78333,260.232,376.209,9.4984,9.50148,-0.0030819,1.0077
408,6.8,260.232,380.209,9.51648,9.51838,-0.00189962,1.01966
409,6.81667,260.854,383.833,9.5331,9.53547,-0.00236909,1.03188
410,6.83333,261.247,387.76,9.551,9.55277,-0.00176975,1.04433
411,6.85,261.796,391.195,9.56678,9.57029,-0.00350754,1.05701
412,6.86667,262.203,395.198,9.585,9.58801,-0.00300906,1.06992
413,6.88333,263.173,399.186,9.60357,9.60595,-0.00238007,1.08303
414,6.9,263.796,403.195,9.62197,9.62411,-0.00214233,1.09635
415,6.91667,264.826,407.202,9.64072,9.6425,-0.00177341,1.10986
416,6.93333,265.826,411.164,9.65927,9.66111,-0.0018367,1.12355
417,6.95,266.718,415.217,9.67811,9.67995,-0.00183996,1.13742
418,6.96667,267.859,419.174,9.6968,9.69902,-0.00222082,1.15144
419,6.98333,268.766,423.215,9.71556,9.71833,-0.00277278,1.16561
420,7,270.229,427.263,9.73507,9.73788,-0.0028085,1.17993
421,7.01667,271.837,431.166,9.7542,9.75766,-0.0034663,1.19437
422,7.03333,273.184,435.8,9.77608,9.77769,-0.00160752,1.20893
423,7.05,274.85,439.795,9.79573,9.79796,-0.00223273,1.2236
424,7.06667,276.206,443.869,9.81519,9.81848,-0.00328416,1.23836
425,7.08333,278.289,448.223,9.83708,9.83924,-0.00215833,1.2532
426,7.1,280.301,452.217,9.85739,9.86025,-0.00286534,1.26812
427,7.11667,282.247,456.786,9.87993,9.88151,-0.00157826,1.28311
428,7.13333,284.247,460.786,9.90025,9.90302,-0.00277625,1.29814
429,7.15,286.211,464.794,9.9205,9.92478,-0.00427971,1.31321
430,7.16667,288.805,469.113,9.94337,9.9468,-0.00342607,1.32831
431,7.18333,291.166,473.156,9.96463,9.96906,-0.00442546,1.34342
432,7.2,293.818,477.846,9.98908,9.99158,-0.00249466,1.35854
433,7.21667,296.803,481.808,10.0116,10.0143,-0.00278827,1.37366
434,7.23333,299.82,486.182,10.0357,10.0374,-0.00165375,1.38875
435,7.25,302.221,490.247,10.0571,10.0606,-0.00356392,1.40382
436,7.26667,305.792,494.184,10.0811,10.0842,-0.00304363,1.41885
437,7.28333,308.78,498.178,10.1038,10.1079,-0.00414546,1.43382
438,7.3,312.186,502.181,10.1277,10.132,-0.00427588,1.44873
439,7.31667,315.82,506.181,10.1522,10.1562,-0.00397472,1.46357
440,7.33333,319.25,510.182,10.1762,10.1807,-0.00453693,1.47832
441,7.35,323.188,514.181,10.2017,10.2055,-0.00378087,1.49297
442,7.36667,327.188,518.181,10.2274,10.2305,-0.00306287,1.50752
443,7.38333,331.204,521.828,10.2521,10.2557,-0.00364155,1.52195
444,7.4,335.213,525.819,10.2778,10.2812,-0.00344896,1.53624
445,7.41667,339.826,529.137,10.3035,10.307,-0.00341336,1.5504
446,7.43333,344.209,532.739,10.3294,10.3329,-0.00355046,1.5644
447,7.45,348.778,536.146,10.3553,10.3591,-0.00379612,1.57824
448,7.46667,353.177,539.815,10.3813,10.3855,-0.00422003,1.59191
449,7.48333,358.257,543.201,10.4091,10.4122,-0.00311287,1.6054
450,7.5,363.226,546.124,10.4353,10.439,-0.00378052,1.61869
451,7.51667,368.259,549.153,10.462,10.4661,-0.00412946,1.63178
452,7.53333,373.85,552.133,10.4908,10.4934,-0.0025953,1.64466
453,7.55,378.795,555.129,10.5171,10.5209,-0.00382738,1.65731
454,7.56667,384.191,557.792,10.5445,10.5487,-0.00417481,1.66974
455,7.58333,389.844,560.144,10.5723,10.5766,-0.00425605,1.68192
456,7.6,395.777,562.777,10.6019,10.6047,-0.00281862,1.69385
457,7.61667,401.156,565.17,10.6287,10.6331,-0.00437093,1.70552
458,7.63333,407.172,567.123,10.6575,10.6616,-0.00411911,1.71692
459,7.65,413.167,569.135,10.6863,10.6903,-0.00402496,1.72804
460,7.66667,419.158,571.158,10.715,10.7192,-0.00414017,1.73888
461,7.68333,425.762,572.832,10.746,10.7482,-0.00220126,1.74942
462,7.7,431.807,574.154,10.7742,10.7775,-0.00326738,1.75966
463,7.71667,438.192,575.763,10.8042,10.8069,-0.00272278,1.76959
464,7.73333,444.787,576.764,10.8345,10.8365,-0.00194268,1.77921
465,7.75,451.138,577.782,10.8638,10.8662,-0.0023886,1.7885
466,7.76667,457.78,578.098,10.894,10.8961,-0.0020433,1.79746
467,7.78333,464.196,578.798,10.9235,10.9261,-0.00264917,1.80608
468,7.8,470.758,579.172,10.9534,10.9563,-0.00285653,1.81435
469,7.81667,477.183,579.182,10.9827,10.9866,-0.00387386,1.82228
470,7.83333,484.143,579.157,11.0145,11.017,-0.0025566,1.82984
471,7.85,490.795,579.151,11.0448,11.0476,-0.00279618,1.83705
472,7.86667,497.774,578.809,11.0766,11.0783,-0.0016381,1.84389
473,7.88333,504.235,578.205,11.1062,11.109,-0.0028625,1.85035
474,7.9,511.228,577.224,11.1384,11.1399,-0.00158436,1.85643
475,7.91667,517.805,576.14,11.1687,11.1709,-0.00219699,1.86213
476,7.93333,524.21,574.847,11.1985,11.202,-0.00349093,1.86745
477,7.95,531.199,573.208,11.2312,11.2332,-0.00192654,1.87237
478,7.96667,537.799,571.816,11.262,11.2644,-0.00245735,1.8769
479,7.98333,544.189,569.779,11.2925,11.2957,-0.00322471,1.88103
480,8,551.16,567.846,11.3254,11.3271,-0.00168112,1.88476
481,8.01667,557.81,565.127,11.3581,11.3586,-0.000424472,1.88808
482,8.03333,563.799,562.802,11.3874,11.3901,-0.00263769,1.891
483,8.05,570.179,559.814,11.4195,11.4216,-0.00206716,1.89351
484,8.06667,576.723,556.706,11.4526,11.4532,-0.000597204,1.89561
485,8.08333,582.788,553.826,11.4832,11.4848,-0.00159695,1.89729
486,8.1,588.742,550.175,11.515,11.5164,-0.00140683,1.89856
487,8.11667,594.723,546.789,11.5464,11.5481,-0.00170031,1.89942
488,8.13333,600.733,543.097,11.5785,11.5797,-0.00119421,1.89986
489,8.15,606.208,539.146,11.6093,11.6114,-0.00206905,1.89988
490,8.16667,612.207,535.15,11.6422,11.643,-0.000890258,1.89949
491,8.18333,617.746,530.776,11.6743,11.6747,-0.000378845,1.89869
492,8.2,622.817,526.217,11.7054,11.7063,-0.000934691,1.89747
493,8.21667,628.218,521.834,11.7371,11.7379,-0.000861274,1.89583
494,8.23333,633.21,516.776,11.7695,11.7695,-5.50876e-05,1.89378
495,8.25,638.191,511.841,11.8015,11.8011,0.000382266,1.89133
496,8.26667,642.794,506.752,11.8328,11.8326,0.00018398,1.88846
497,8.28333,647.115,501.824,11.8627,11.864,-0.0013587,1.88518
498,8.3,651.79,496.12,11.8963,11.8954,0.000900709,1.8815
499,8.31667,655.858,490.759,11.927,11.9267,0.000279669,1.87742
500,8.33333,659.807,485.158,11.9583,11.958,0.000306118,1.87294
501,8.35,663.802,479.868,11.9885,11.9892,-0.000680884,1.86807
502,8.36667,667.187,473.814,12.0201,12.0202,-0.00017508,1.8628
503,8.38333,670.8,467.816,12.052,12.0512,0.000776456,1.85714
504,8.4,674.183,461.846,12.0833,12.0822,0.0011748,1.85111
505,8.41667,677.167,455.833,12.1139,12.113,0.00099119,1.84469
506,8.43333,680.174,449.842,12.1445,12.1436,0.000859427,1.8379
507,8.45,682.763,443.853,12.1742,12.1742,2.6096e-05,1.83074
508,8.46667,685.193,437.152,12.2067,12.2047,0.00206345,1.82321
509,8.48333,687.802,431.171,12.2364,12.235,0.00141209,1.81533
510,8.5,689.744,424.794,12.2668,12.2652,0.00157899,1.8071
511,8.51667,691.152,418.766,12.2949,12.2952,-0.000290292,1.79852
512,8.53333,693.174,412.176,12.3263,12.3251,0.00121273,1.7896
513,8.55,694.742,405.798,12.3562,12.3549,0.00137817,1.78035
514,8.56667,695.756,399.149,12.3869,12.3845,0.00240727,1.77078
515,8.58333,696.668,392.831,12.416,12.4139,0.00209198,1.76088
516,8.6,697.718,386.836,12.4437,12.4432,0.000572313,1.75068
517,8.61667,698.752,380.27,12.474,12.4722,0.00172467,1.74017
518,8.63333,699.152,373.794,12.5035,12.5012,0.00234754,1.72937
519,8.65,699.152,367.794,12.5308,12.5299,0.000926994,1.71828
520,8.66667,699.13,361.211,12.5608,12.5584,0.00240843,1.70691
521,8.68333,699.227,355.231,12.5881,12.5868,0.00133265,1.69528
522,8.7,699.232,348.821,12.6173,12.6149,0.00237484,1.68338
523,8.71667,698.791,342.825,12.6447,12.6429,0.00181125,1.67123
524,8.73333,698.214,336.814,12.6722,12.6707,0.001576,1.65883
525,8.75,697.742,330.849,12.6995,12.6982,0.00126348,1.64621
526,8.76667,696.725,324.756,12.7276,12.7255,0.00205935,1.63336
527,8.78333,695.773,318.842,12.7549,12.7526,0.00221708,1.62029
528,8.8,694.746,312.796,12.7827,12.7795,0.00321254,1.60702
529,8.81667,693.174,307.174,12.8093,12.8062,0.00308319,1.59356
530,8.83333,691.736,301.891,12.8342,12.8326,0.00156785,1.57991
531,8.85,690.199,296.291,12.8607,12.8589,0.00179402,1.56609
532,8.86667,688.179,290.726,12.8876,12.8849,0.0027554,1.5521
533,8.88333,686.83,285.214,12.9133,12.9106,0.00272548,1.53797
534,8.9,684.772,280.256,12.9377,12.9361,0.00161226,1.52369
535,8.91667,682.802,274.814,12.964,12.9614,0.00264773,1.50928
536,8.93333,680.171,269.836,12.9896,12.9864,0.00316113,1.49474
537,8.95,678.222,264.781,13.0142,13.0112,0.00297415,1.4801
538,8.96667,675.836,259.815,13.0392,13.0358,0.00347756,1.46536
539,8.98333,673.151,255.181,13.0636,13.0601,0.00351518,1.45054
540,9,670.825,250.804,13.0861,13.0841,0.00201051,1.43563
541,9.01667,668.226,246.243,13.11,13.1079,0.00207689,1.42067
542,9.03333,665.171,241.814,13.1344,13.1315,0.00297707,1.40565
543,9.05,662.133,237.194,13.1596,13.1548,0.00484543,1.39058
544,9.06667,659.786,233.192,13.1807,13.1778,0.00284248,1.37549
545,9.08333,656.764,229.23,13.2033,13.2006,0.00269416,1.36038
546,9.1,653.796,225.156,13.2262,13.2232,0.00305994,1.34526
547,9.11667,650.78,221.213,13.2488,13.2455,0.00332634,1.33014
548,9.13333,647.768,217.854,13.2693,13.2675,0.00178142,1.31504
549,9.15,644.165,213.843,13.2938,13.2893,0.00450809,1.29996
550,9.16667,641.218,210.21,13.315,13.3108,0.00420401,1.28493
551,9.18333,638.162,206.761,13.336,13.3321,0.00383717,1.26994
552,9.2,634.779,203.822,13.3563,13.3532,0.00310059,1.25501
553,9.21667,631.76,200.208,13.3775,13.374,0.00358253,1.24015
554,9.23333,628.147,197.205,13.3988,13.3945,0.0043356,1.22538
555,9.25,624.77,194.24,13.4193,13.4148,0.00445344,1.2107
556,9.26667,621.769,191.857,13.4367,13.4349,0.00180128,1.19613
557,9.28333,618.233,188.768,13.458,13.4547,0.00331894,1.18167
558,9.3,614.763,186.233,13.4775,13.4743,0.00326535,1.16734
559,9.31667,611.13,183.169,13.4991,13.4936,0.00550379,1.15315
560,9.33333,608.227,180.78,13.5161,13.5127,0.00343934,1.13911
561,9.35,604.74,178.792,13.5343,13.5316,0.00271884,1.12523
562,9.36667,601.232,176.28,13.5539,13.5502,0.00368094,1.11151
563,9.38333,597.762,174.293,13.572,13.5686,0.00341647,1.09798
564,9.4,594.18,171.849,13.5917,13.5868,0.00492486,1.08464
565,9.41667,591.181,169.849,13.6081,13.6048,0.00330395,1.0715
566,9.43333,587.842,167.842,13.6258,13.6225,0.00323785,1.05856
567,9.45,584.19,166.268,13.6437,13.6401,0.00367857,1.04585
568,9.46667,580.751,164.212,13.6619,13.6574,0.00453214,1.03337
569,9.48333,577.829,162.836,13.6766,13.6745,0.00207708,1.02113
570,9.5,574.213,160.81,13.6954,13.6914,0.00394636,1.00914
571,9.51667,570.781,159.207,13.7126,13.7081,0.00441682,0.997405
572,9.53333,567.742,157.851,13.7277,13.7247,0.00298852,0.985936
573,9.55,564.152,156.781,13.7446,13.741,0.00356284,0.974744
574,9.56667,561.143,155.24,13.7599,13.7572,0.00270823,0.963834
575,9.58333,557.786,153.858,13.7763,13.7731,0.00320817,0.953217
576,9.6,554.228,152.777,13.7932,13.7889,0.00426321,0.9429
577,9.61667,551.142,151.848,13.8078,13.8046,0.00326333,0.932891
578,9.63333,548.179,150.219,13.8229,13.82,0.00289603,0.923197
579,9.65,544.75,149.276,13.839,13.8353,0.0037053,0.913825
580,9.66667,541.802,148.201,13.8533,13.8505,0.00275793,0.904784
581,9.68333,538.167,147.858,13.8696,13.8655,0.0040501,0.896079
582,9.7,535.194,146.853,13.8838,13.8804,0.00341609,0.887718
583,9.71667,532.214,145.859,13.898,13.8951,0.00290603,0.879706
584,9.73333,529.145,145.206,13.9122,13.9097,0.00254324,0.872049
585,9.75,525.787,144.178,13.9281,13.9242,0.00394668,0.864754
586,9.76667,522.837,143.83,13.9415,13.9385,0.00301353,0.857826
587,9.78333,519.841,143.23,13.9554,13.9528,0.00263873,0.85127
588,9.8,516.795,142.815,13.9693,13.9669,0.0024436,0.845091
589,9.81667,513.791,142.218,13.9832,13.9809,0.00229679,0.839294
590,9.83333,510.837,141.83,13.9968,13.9949,0.00187252,0.833883
591,9.85,507.805,141.231,14.0107,14.0087,0.00201357,0.828862
592,9.86667,504.776,140.845,14.0246,14.0225,0.00208077,0.824236
593,9.88333,501.762,140.854,14.0382,14.0362,0.00197655,0.820007
594,9.9,498.731,140.2,14.0522,14.0498,0.00230784,0.816178
595,9.91667,495.762,140.194,14.0656,14.0634,0.00216147,0.812754
596,9.93333,492.807,139.795,14.0791,14.0769,0.002134,0.809735
597,9.95,489.804,139.814,14.0927,14.0904,0.0022556,0.807125
598,9.96667,486.807,139.795,14.1063,14.1038,0.00241931,0.804926
599,9.98333,483.804,139.816,14.1199,14.1172,0.00264438,0.803138
600,10,480.807,139.795,14.1335,14.1306,0.00288316,0.801764
601,10.0167,477.798,139.792,14.1472,14.144,0.00319061,0.800805
602,10.0333,474.807,139.795,14.1607,14.1573,0.00343025,0.800261
603,10.05,472.235,139.83,14.1724,14.1707,0.00177076,0.800133
604,10.0667,469.192,139.796,14.1862,14.184,0.00221948,0.80042
605,10.0833,466.283,139.84,14.1994,14.1973,0.00205603,0.801123
606,10.1,463.196,140.188,14.2135,14.2107,0.00277053,0.802241
607,10.1167,460.24,140.218,14.2268,14.2241,0.0027559,0.803773
608,10.1333,457.138,140.803,14.2411,14.2375,0.00359946,0.805718
609,10.15,454.207,140.756,14.2543,14.2509,0.00333642,0.808075
610,10.1667,451.192,141.206,14.2681,14.2644,0.00365225,0.810841
611,10.1833,448.813,141.809,14.2791,14.278,0.0011727,0.814015
612,10.2,445.753,142.201,14.2931,14.2916,0.00156513,0.817595
613,10.2167,442.789,142.837,14.3069,14.3052,0.00164766,0.821577
614,10.2333,439.801,143.205,14.3205,14.319,0.0015557,0.825958
615,10.25,436.817,143.776,14.3343,14.3328,0.00152808,0.830736
616,10.2667,433.8,144.17,14.348,14.3466,0.00139682,0.835906
617,10.2833,430.789,144.837,14.362,14.3606,0.00139285,0.841465
618,10.3,427.841,145.801,14.376,14.3747,0.0013276,0.847409
619,10.3167,424.774,146.226,14.39,14.3889,0.00110682,0.853732
620,10.3333,421.797,147.181,14.4041,14.4032,0.00096766,0.860431
621,10.35,418.779,148.245,14.4186,14.4176,0.00104897,0.8675
622,10.3667,415.235,149.256,14.4353,14.4321,0.00324638,0.874934
623,10.3833,412.216,149.754,14.4491,14.4467,0.00232868,0.882727
624,10.4,409.195,150.771,14.4635,14.4615,0.00197932,0.890874
625,10.4167,406.219,152.199,14.4783,14.4764,0.00191984,0.899367
626,10.4333,403.187,153.208,14.4928,14.4915,0.00134212,0.908202
627,10.45,399.867,154.205,14.5085,14.5067,0.0017918,0.91737
628,10.4667,396.703,155.856,14.5246,14.5221,0.00251461,0.926865
629,10.4833,393.855,156.806,14.5382,14.5376,0.000559377,0.936681
630,10.5,390.212,158.201,14.5558,14.5533,0.00251371,0.946809
631,10.5167,387.179,159.824,14.5714,14.5692,0.00219765,0.957242
632,10.5333,384.23,161.218,14.5861,14.5852,0.000939428,0.967972
633,10.55,380.796,162.796,14.6033,14.6014,0.00183169,0.97899
634,10.5667,377.761,164.149,14.6183,14.6178,0.000447979,0.990289
635,10.5833,374.152,166.204,14.6371,14.6344,0.00263973,1.00186
636,10.6,371.255,167.896,14.6523,14.6512,0.00103988,1.0137
637,10.6167,368.252,169.919,14.6686,14.6682,0.000416533,1.02578
638,10.6333,364.773,171.871,14.6867,14.6854,0.00129506,1.03812
639,10.65,361.815,173.853,14.7029,14.7028,2.55579e-05,1.05069
640,10.6667,358.233,175.904,14.7215,14.7204,0.00109073,1.06348
641,10.6833,355.214,178.178,14.7386,14.7383,0.000363203,1.0765
642,10.7,351.894,180.19,14.7562,14.7563,-0.000128754,1.08972
643,10.7167,348.837,182.831,14.7744,14.7746,-0.00015533,1.10313
644,10.7333,345.171,185.225,14.7943,14.7931,0.00114765,1.11674
645,10.75,342.216,187.883,14.8122,14.8118,0.000395897,1.13051
646,10.7667,338.761,190.201,14.831,14.8308,0.000212988,1.14446
647,10.7833,335.862,193.243,14.8499,14.85,-3.84299e-05,1.15856
648,10.8,332.218,195.813,14.87,14.8694,0.000620711,1.17281
649,10.8167,329.217,198.817,14.8892,14.8891,0.000165345,1.18719
650,10.8333,326.206,201.835,14.9086,14.909,-0.000427248,1.20169
651,10.85,322.813,204.745,14.9287,14.9291,-0.000381546,1.2163
652,10.8667,319.79,208.224,14.9496,14.9495,6.75014e-05,1.23102
653,10.8833,316.793,211.794,14.9707,14.9702,0.000533017,1.24583
654,10.9,313.852,214.836,14.9899,14.9911,-0.00118391,1.26071
655,10.9167,310.75,218.216,15.0106,15.0122,-0.00154851,1.27566
656,10.9333,307.81,222.193,15.033,15.0336,-0.000550141,1.29067
657,10.95,304.784,225.786,15.0543,15.0552,-0.000906893,1.30572
658,10.9667,301.87,229.83,15.0769,15.0771,-0.000210679,1.32081
659,10.9833,299.203,233.845,15.0987,15.0992,-0.000505209,1.33592
660,11,296.266,237.825,15.1211,15.1216,-0.0004847,1.35104
661,11.0167,293.897,241.798,15.1421,15.1443,-0.0021715,1.36616
662,11.0333,290.821,246.239,15.1666,15.1672,-0.000611402,1.38126
663,11.05,288.229,250.724,15.19,15.1903,-0.000290191,1.39635
664,11.0667,285.823,255.116,15.2127,15.2137,-0.000996855,1.4114
665,11.0833,283.23,259.832,15.2371,15.2374,-0.000269759,1.4264
666,11.1,281.221,264.207,15.2589,15.2613,-0.00236667,1.44134
667,11.1167,278.81,269.159,15.2838,15.2854,-0.00155828,1.45622
668,11.1333,276.777,274.178,15.3084,15.3098,-0.00142368,1.47101
669,11.15,274.778,279.15,15.3327,15.3344,-0.00176737,1.48571
670,11.1667,272.791,284.178,15.3572,15.3593,-0.0021457,1.50031
671,11.1833,270.819,289.855,15.3844,15.3844,-3.43936e-05,1.5148
672,11.2,269.201,294.85,15.4082,15.4098,-0.00160437,1.52916
673,11.2167,267.824,300.178,15.4332,15.4354,-0.00226891,1.54339
674,11.2333,266.201,305.825,15.4598,15.4613,-0.00146562,1.55747
675,11.25,264.818,311.136,15.4847,15.4873,-0.00266788,1.57139
676,11.2667,263.856,316.783,15.5106,15.5136,-0.00301864,1.58515
677,11.2833,262.82,322.737,15.538,15.5402,-0.0021295,1.59873
678,11.3,261.857,328.842,15.5661,15.5669,-0.000841416,1.61212
679,11.3167,260.804,334.216,15.5909,15.5939,-0.00303691,1.62531
680,11.3333,260.177,340.191,15.6181,15.6211,-0.00301511,1.6383
681,11.35,259.849,346.141,15.6451,15.6485,-0.00342296,1.65106
682,11.3667,259.824,352.14,15.6723,15.6761,-0.00386242,1.6636
683,11.3833,259.829,358.8,15.7025,15.704,-0.00145617,1.6759
684,11.4,259.825,364.789,15.7297,15.732,-0.00229149,1.68796
685,11.4167,259.809,370.776,15.7569,15.7602,-0.00336954,1.69976
686,11.4333,260.21,377.283,15.7864,15.7887,-0.00222331,1.71129
687,11.45,260.799,383.137,15.8131,15.8173,-0.00414764,1.72255
688,11.4667,261.804,389.824,15.8438,15.8461,-0.00227217,1.73353
689,11.4833,262.754,396.176,15.873,15.8751,-0.00208816,1.74422
690,11.5,263.826,402.143,15.9005,15.9042,-0.00371636,1.75462
691,11.5167,265.197,408.812,15.9314,15.9335,-0.00213445,1.7647
692,11.5333,266.81,414.824,15.9597,15.963,-0.00336759,1.77448
693,11.55,268.21,421.191,15.9892,15.9927,-0.00346562,1.78393
694,11.5667,270.221,427.169,16.0178,16.0225,-0.00466212,1.79305
695,11.5833,272.218,433.877,16.0496,16.0525,-0.00288342,1.80184
696,11.6,274.794,439.803,16.0789,16.0826,-0.0037017,1.81029
697,11.6167,277.212,446.155,16.1097,16.1128,-0.0030898,1.81839
698,11.6333,279.827,452.221,16.1397,16.1432,-0.00348304,1.82613
699,11.65,282.769,458.253,16.1701,16.1737,-0.00352744,1.83352
700,11.6667,286.22,464.17,16.2012,16.2043,-0.00307247,1.84054
701,11.6833,289.186,470.177,16.2316,16.235,-0.00341545,1.84719
702,11.7,292.824,475.773,16.2619,16.2659,-0.00396529,1.85346
703,11.7167,296.162,481.863,16.2933,16.2968,-0.0034547,1.85935
704,11.7333,300.238,487.132,16.3235,16.3278,-0.0043125,1.86486
705,11.75,304.185,492.764,16.3547,16.359,-0.00421244,1.86998
706,11.7667,308.756,498.154,16.3868,16.3902,-0.00334467,1.8747
707,11.7833,313.205,503.117,16.4171,16.4214,-0.00433668,1.87903
708,11.8,317.828,508.82,16.4505,16.4528,-0.00234145,1.88296
709,11.8167,322.248,513.784,16.4806,16.4842,-0.00358263,1.88648
710,11.8333,327.194,518.14,16.5105,16.5157,-0.00516195,1.8896
711,11.85,332.209,523.186,16.5428,16.5472,-0.00436396,1.89231
712,11.8667,337.841,527.807,16.5759,16.5788,-0.00282979,1.89462
713,11.8833,343.2,532.217,16.6075,16.6103,-0.0028674,1.89651
714,11.9,348.809,536.179,16.6387,16.642,-0.00327209,1.89798
715,11.9167,354.189,540.262,16.6694,16.6736,-0.00418622,1.89904
716,11.9333,360.195,544.292,16.7023,16.7053,-0.00293498,1.89969
717,11.95,365.837,547.785,16.7325,16.7369,-0.00440927,1.89992
718,11.9667,371.826,551.161,16.7638,16.7686,-0.00478627,1.89974
719,11.9833,378.212,554.78,16.7972,16.8003,-0.00303935,1.89914
720,12,384.184,557.849,16.8278,16.8319,-0.00413331,1.89812
721,12.0167,390.789,560.806,16.8607,16.8635,-0.002835,1.8967
722,12.0333,397.155,563.204,16.8916,16.8951,-0.00347589,1.89485
723,12.05,403.82,565.805,16.9242,16.9267,-0.00243767,1.8926
724,12.0667,410.211,568.273,16.9554,16.9582,-0.00276703,1.88993
725,12.0833,416.786,570.201,16.9866,16.9897,-0.00304332,1.88686
726,12.1,423.2,572.128,17.0171,17.0211,-0.00395844,1.88338
727,12.1167,430.218,573.755,17.0499,17.0525,-0.00250504,1.8795
728,12.1333,436.802,575.16,17.0806,17.0837,-0.00311875,1.87522
729,12.15,443.796,576.835,17.1133,17.115,-0.00163682,1.87054
730,12.1667,450.214,577.8,17.1428,17.1461,-0.00324803,1.86546
731,12.1833,457.219,578.138,17.1747,17.1771,-0.00243088,1.86
732,12.2,463.806,578.714,17.2049,17.2081,-0.0032344,1.85415
733,12.2167,470.848,579.165,17.237,17.2389,-0.00191488,1.84792
734,12.2333,477.167,579.163,17.2658,17.2697,-0.00384865,1.84132
735,12.25,484.148,579.181,17.2977,17.3003,-0.0026301,1.83434
736,12.2667,490.793,579.208,17.328,17.3308,-0.0028716,1.82699
737,12.2833,497.75,578.807,17.3597,17.3612,-0.00150819,1.81929
738,12.3,504.173,578.227,17.3891,17.3915,-0.00238673,1.81123
739,12.3167,510.784,577.214,17.4195,17.4216,-0.00204038,1.80282
740,12.3333,517.234,576.167,17.4493,17.4516,-0.00222838,1.79407
741,12.35,523.784,575.181,17.4795,17.4814,-0.00189162,1.78499
742,12.3667,530.191,573.813,17.5093,17.5111,-0.00172672,1.77557
743,12.3833,536.206,572.197,17.5377,17.5406,-0.00287838,1.76583
744,12.4,542.769,570.22,17.5689,17.5699,-0.000994569,1.75578
745,12.4167,548.789,568.205,17.5979,17.5991,-0.00123462,1.74542
746,12.4333,554.748,566.182,17.6266,17.6281,-0.00153807,1.73477
747,12.45,560.751,563.704,17.6562,17.6569,-0.000748093,1.72382
748,12.4667,566.219,561.784,17.6826,17.6856,-0.00299301,1.71259
749,12.4833,572.217,559.138,17.7124,17.714,-0.00156397,1.70109
750,12.5,577.827,556.119,17.7415,17.7423,-0.000798911,1.68932
751,12.5167,583.228,553.198,17.7695,17.7703,-0.000832485,1.67729
752,12.5333,588.825,550.769,17.7972,17.7982,-0.000993156,1.66502
753,12.55,593.711,547.103,17.8249,17.8258,-0.00095549,1.6525
754,12.5667,599.224,544.178,17.8533,17.8532,1.02697e-05,1.63976
755,12.5833,603.809,540.783,17.8792,17.8805,-0.00122419,1.6268
756,12.6,608.715,537.188,17.907,17.9075,-0.000464916,1.61363
757,12.6167,613.83,533.816,17.9349,17.9343,0.000652551,1.60026
758,12.6333,618.244,530.192,17.9609,17.9608,0.000135286,1.58671
759,12.65,622.8,526.844,17.9867,17.9871,-0.000481324,1.57297
760,12.6667,626.812,522.865,18.0124,18.0132,-0.000876274,1.55907
761,12.6833,631.203,518.81,18.0396,18.0391,0.00051611,1.545
762,12.7,635.159,514.826,18.0652,18.0647,0.000486818,1.53079
763,12.7167,639.198,510.797,18.0913,18.0901,0.00111407,1.51644
764,12.7333,642.797,506.881,18.1155,18.1153,0.000217503,1.50197
765,12.75,646.256,502.755,18.1401,18.1402,-0.000137357,1.48738
766,12.7667,649.831,498.814,18.1643,18.1649,-0.000554153,1.47269
767,12.7833,653.203,494.326,18.1899,18.1893,0.000614974,1.45791
768,12.8,656.237,490.299,18.2129,18.2135,-0.000551641,1.44304
769,12.8167,659.834,485.783,18.2392,18.2374,0.00181689,1.4281
770,12.8333,662.154,481.857,18.26,18.2611,-0.0011139,1.41311
771,12.85,665.1,477.167,18.2852,18.2845,0.000733221,1.39807
772,12.8667,667.879,472.811,18.3088,18.3077,0.0011398,1.38299
773,12.8833,670.769,468.812,18.3312,18.3306,0.00060011,1.36788
774,12.9,672.745,464.196,18.354,18.3533,0.000696891,1.35276
775,12.9167,675.15,459.816,18.3768,18.3757,0.00107857,1.33764
776,12.9333,677.197,455.822,18.3972,18.3979,-0.000618914,1.32253
777,12.95,679.17,451.16,18.4203,18.4198,0.000547371,1.30744
778,12.9667,681.141,446.861,18.4419,18.4414,0.000468975,1.29238
779,12.9833,683.238,442.205,18.4652,18.4629,0.00234466,1.27737
780,13,684.716,438.198,18.4847,18.484,0.000660278,1.26241
781,13.0167,686.782,433.813,18.5067,18.5049,0.00176055,1.24752
782,13.0333,688.166,429.828,18.5259,18.5256,0.000307029,1.2327
783,13.05,689.125,425.173,18.5474,18.546,0.00142664,1.21798
784,13.0667,690.797,420.781,18.5688,18.5662,0.00262881,1.20335
785,13.0833,691.828,416.785,18.5876,18.5861,0.00150741,1.18883
786,13.1,693.144,412.771,18.6069,18.6058,0.00102364,1.17444
787,13.1167,693.865,408.162,18.6281,18.6253,0.00276941,1.16018
788,13.1333,694.734,404.239,18.6464,18.6445,0.00188006,1.14606
789,13.15,695.758,400.21,18.6653,18.6635,0.00181645,1.1321
790,13.1667,696.2,396.2,18.6837,18.6822,0.00141883,1.1183
791,13.1833,697.192,392.215,18.7023,18.7008,0.00153969,1.10467
792,13.2,697.733,388.208,18.7207,18.7191,0.00165827,1.09124
793,13.2167,698.247,384.241,18.7389,18.7371,0.0017973,1.07799
794,13.2333,698.794,380.213,18.7574,18.755,0.00243767,1.06496
795,13.25,698.794,376.213,18.7756,18.7726,0.00295131,1.05214
796,13.2667,699.174,372.825,18.7911,18.7901,0.00103841,1.03954
797,13.2833,699.196,368.813,18.8094,18.8073,0.00207746,1.02718
798,13.3,699.203,365.14,18.8261,18.8243,0.00180181,1.01506
799,13.3167,699.203,361.14,18.8444,18.8411,0.00322703,1.0032
800,13.3333,699.175,357.778,18.8597,18.8578,0.00194381,0.991595
801,13.35,699.237,354.241,18.8758,18.8742,0.00163436,0.980264
802,13.3667,699.237,350.241,18.894,18.8904,0.00361085,0.969213
803,13.3833,699.208,346.793,18.9097,18.9065,0.00324172,0.95845
804,13.4,698.759,343.248,18.926,18.9224,0.0036044,0.947983
805,13.4167,698.773,339.839,18.9415,18.9381,0.00335911,0.93782
806,13.4333,698.195,336.776,18.9556,18.9536,0.00195478,0.927969
807,13.45,697.723,333.205,18.972,18.969,0.00298276,0.918436
808,13.4667,697.215,329.807,18.9877,18.9843,0.00341459,0.90923
809,13.4833,697.232,326.787,19.0013,18.9993,0.00193779,0.900357
810,13.5,696.752,323.205,19.0177,19.0143,0.00343739,0.891825
811,13.5167,695.719,320.188,19.0321,19.0291,0.00299185,0.883638
812,13.5333,695.209,316.809,19.0476,19.0437,0.00388876,0.875805
813,13.55,694.826,313.833,19.0612,19.0583,0.00297639,0.86833
814,13.5667,694.19,310.787,19.0754,19.0727,0.00272499,0.861219
815,13.5833,693.201,307.804,19.0897,19.087,0.00268139,0.854477
816,13.6,692.744,304.834,19.1033,19.1012,0.00211427,0.848111
817,13.6167,691.826,301.826,19.1176,19.1152,0.00233334,0.842124
818,13.6333,690.744,298.834,19.132,19.1292,0.00279982,0.83652
819,13.65,690.24,295.846,19.1457,19.1431,0.00259773,0.831305
820,13.6667,689.138,292.794,19.1605,19.1569,0.00353475,0.826483
821,13.6833,688.221,289.831,19.1746,19.1707,0.00391535,0.822056
822,13.7,687.141,287.203,19.1875,19.1843,0.00316165,0.818028
823,13.7167,686.236,284.422,19.2008,19.198,0.00287191,0.814403
824,13.7333,685.203,281.886,19.2133,19.2115,0.00178986,0.811182
825,13.75,684.244,278.814,19.2279,19.225,0.00290847,0.808369
826,13.7667,683.178,276.197,19.2408,19.2384,0.00231324,0.805966
827,13.7833,681.779,273.204,19.2558,19.2519,0.003921,0.803974
828,13.8,680.746,270.831,19.2676,19.2652,0.00231799,0.802395
829,13.8167,679.779,267.838,19.2818,19.2786,0.00317268,0.801229
830,13.8333,678.249,265.183,19.2957,19.292,0.00371396,0.800479
831,13.85,677.141,262.824,19.3075,19.3053,0.00223358,0.800144
832,13.8667,675.811,259.803,19.3225,19.3186,0.00389225,0.800225
833,13.8833,674.213,257.222,19.3363,19.332,0.00432227,0.800722
834,13.9,672.797,254.829,19.3489,19.3453,0.00361387,0.801634
835,13.9167,671.8,252.184,19.3617,19.3587,0.00296925,0.802961
836,13.9333,670.139,249.838,19.3747,19.3721,0.00258177,0.804701
837,13.95,668.788,247.155,19.3883,19.3855,0.00278866,0.806854
838,13.9667,667.134,244.85,19.4012,19.399,0.00218609,0.809417
839,13.9833,665.77,242.199,19.4147,19.4125,0.0021841,0.812389
840,14,663.751,239.877,19.4285,19.4261,0.00247775,0.815767
841,14.0167,662.168,237.181,19.4428,19.4397,0.0030628,0.81955
842,14.0333,660.783,234.816,19.4552,19.4534,0.00180882,0.823733
843,14.05,658.774,232.191,19.4702,19.4672,0.00307018,0.828315
844,14.0667,657.122,229.842,19.4833,19.481,0.00228875,0.833291
845,14.0833,655.069,227.207,19.4985,19.4949,0.0035523,0.838658
846,14.1,653.18,224.81,19.5124,19.509,0.00341264,0.844411
847,14.1167,651.178,222.185,19.5274,19.5231,0.0043117,0.850546
848,14.1333,649.138,219.859,19.5415,19.5373,0.00415435,0.85706
849,14.15,647.156,217.19,19.5566,19.5517,0.00491619,0.863946
850,14.1667,645.174,214.824,19.5706,19.5661,0.00449084,0.871199
851,14.1833,643.174,212.824,19.5835,19.5807,0.00275317,0.878815
852,14.2,641.208,210.207,19.5983,19.5954,0.00285333,0.886786
853,14.2167,638.796,207.816,19.6137,19.6103,0.00343466,0.895108
854,14.2333,636.773,205.177,19.6287,19.6252,0.00344705,0.903774
855,14.25,634.11,203.202,19.6436,19.6404,0.00321289,0.912778
856,14.2667,631.808,200.858,19.6585,19.6557,0.00285916,0.922112
857,14.2833,629.094,198.238,19.6757,19.6711,0.00455951,0.931769
858,14.3,626.803,196.158,19.6898,19.6867,0.00301291,0.941743
859,14.3167,624.182,193.804,19.7058,19.7025,0.00324263,0.952026
860,14.3333,621.775,191.212,19.7217,19.7185,0.00324058,0.962609
861,14.35,618.795,189.184,19.738,19.7346,0.00340414,0.973485
862,14.3667,615.783,186.853,19.7553,19.7509,0.00439333,0.984646
863,14.3833,613.161,184.898,19.7702,19.7674,0.00275088,0.996084
864,14.4,610.223,182.824,19.7865,19.7841,0.00239555,1.00779
865,14.4167,607.142,180.217,19.8048,19.801,0.00378864,1.01975
866,14.4333,604.188,178.169,19.8211,19.8181,0.00301639,1.03197
867,14.45,600.822,176.227,19.8388,19.8354,0.00332985,1.04442
868,14.4667,597.772,173.858,19.8562,19.8529,0.00329653,1.0571
869,14.4833,594.17,171.817,19.875,19.8707,0.00435957,1.07001
870,14.5,591.17,169.815,19.8914,19.8886,0.00277564,1.08313
871,14.5167,587.781,167.882,19.9091,19.9068,0.00232322,1.09645
872,14.5333,584.19,165.838,19.9278,19.9252,0.00268633,1.10996
873,14.55,580.228,164.284,19.9471,19.9438,0.00329503,1.12365
874,14.5667,576.74,162.221,19.9654,19.9626,0.00282864,1.13752
875,14.5833,572.755,160.213,19.9857,19.9817,0.0040082,1.15154
876,14.6,569.13,158.827,20.0033,20.001,0.00229438,1.16572
877,14.6167,565.135,156.851,20.0235,20.0205,0.00296407,1.18003
878,14.6333,561.132,155.274,20.043,20.0403,0.00271032,1.19447
879,14.65,557.162,153.848,20.0622,20.0604,0.00183696,1.20904
880,14.6667,552.803,152.172,20.0834,20.0806,0.00277257,1.2237
881,14.6833,548.729,150.841,20.1029,20.1012,0.00171733,1.23847
882,14.7,544.164,149.253,20.1248,20.1219,0.00289286,1.25331
883,14.7167,539.813,147.826,20.1456,20.1429,0.00264622,1.26823
884,14.7333,535.127,146.844,20.1673,20.1642,0.00308606,1.28321
885,14.75,530.78,145.805,20.1876,20.1857,0.00187362,1.29825
886,14.7667,526.207,144.259,20.2094,20.2075,0.00189731,1.31332
887,14.7833,521.168,143.266,20.2326,20.2295,0.00316051,1.32842
888,14.8,516.184,142.81,20.2553,20.2517,0.00351983,1.34353
889,14.8167,511.818,141.841,20.2755,20.2743,0.00126193,1.35865
890,14.8333,506.739,141.276,20.2987,20.297,0.00167269,1.37377
891,14.85,501.795,140.828,20.3212,20.3201,0.00118044,1.38886
892,14.8667,496.175,140.239,20.3469,20.3433,0.00354973,1.40393
893,14.8833,491.199,139.815,20.3695,20.3669,0.0026812,1.41896
894,14.9,486.208,139.772,20.3922,20.3906,0.00154275,1.43393
895,14.9167,480.826,139.805,20.4166,20.4147,0.00194744,1.44884
896,14.9333,475.204,139.803,20.4421,20.4389,0.00320703,1.46368
897,14.95,470.21,139.806,20.4648,20.4634,0.0013414,1.47843
898,14.9667,464.786,140.231,20.4895,20.4882,0.00126659,1.49308
899,14.9833,459.205,140.258,20.5147,20.5132,0.00149752,1.50762
900,15,453.784,141.244,20.5396,20.5385,0.00116648,1.52205
901,15.0167,448.21,141.806,20.565,20.5639,0.00108519,1.53635
902,15.0333,442.219,142.775,20.5926,20.5897,0.00288742,1.5505
903,15.05,436.785,143.814,20.6177,20.6156,0.0020242,1.5645
904,15.0667,431.219,144.818,20.6433,20.6418,0.00146406,1.57834
905,15.0833,425.727,146.206,20.669,20.6682,0.000718654,1.59201
906,15.1,419.779,147.859,20.697,20.6949,0.00206796,1.6055
907,15.1167,414.217,149.197,20.7228,20.7218,0.00108256,1.61879
908,15.1333,408.791,151.141,20.7489,20.7488,9.24779e-05,1.63188
909,15.15,402.746,153.15,20.7778,20.7761,0.00164142,1.64475
910,15.1667,397.201,155.259,20.8047,20.8037,0.000987999,1.65741
911,15.1833,391.799,157.862,20.8318,20.8314,0.000394681,1.66983
912,15.2,386.212,160.207,20.8592,20.8593,-8.14182e-05,1.682
913,15.2167,380.182,163.138,20.8896,20.8875,0.00216042,1.69393
914,15.2333,374.774,165.884,20.9171,20.9158,0.00130527,1.7056
915,15.25,369.192,168.856,20.9457,20.9443,0.00140777,1.717
916,15.2667,364.164,172.207,20.9731,20.973,3.25102e-05,1.72812
917,15.2833,358.818,175.871,21.0024,21.0019,0.00051537,1.73896
918,15.3,353.146,179.171,21.0321,21.031,0.0011119,1.7495
919,15.3167,348.197,182.785,21.0598,21.0602,-0.000388068,1.75974
920,15.3333,343.212,186.868,21.089,21.0896,-0.000623944,1.76967
921,15.35,338.199,191.192,21.119,21.1192,-0.000193218,1.77928
922,15.3667,333.194,195.193,21.148,21.1489,-0.000898949,1.78857
923,15.3833,328.198,199.84,21.179,21.1788,0.000133939,1.79752
924,15.4,323.781,204.233,21.2072,21.2089,-0.00166375,1.80614
925,15.4167,318.87,209.223,21.2389,21.239,-0.000103643,1.81441
926,15.4333,314.204,214.206,21.2699,21.2693,0.000514689,1.82233
927,15.45,310.183,219.188,21.2989,21.2998,-0.000918886,1.8299
928,15.4667,305.824,224.247,21.3291,21.3303,-0.00124004,1.8371
929,15.4833,301.822,229.866,21.3603,21.361,-0.000674179,1.84393
930,15.5,297.824,235.196,21.3905,21.3918,-0.00128579,1.85039
931,15.5167,294.201,240.8,21.4207,21.4227,-0.00195615,1.85648
932,15.5333,290.807,246.803,21.452,21.4537,-0.00171093,1.86217
933,15.55,287.239,252.813,21.4837,21.4848,-0.00109589,1.86749
934,15.5667,283.827,258.853,21.5151,21.5159,-0.000826956,1.87241
935,15.5833,280.761,264.862,21.5457,21.5472,-0.00151102,1.87693
936,15.6,278.179,271.222,21.5767,21.5785,-0.00175078,1.88106
937,15.6167,275.221,277.876,21.6097,21.6099,-0.000121214,1.88478
938,15.6333,272.776,284.244,21.6407,21.6413,-0.000643689,1.88811
939,15.65,270.828,290.784,21.6716,21.6728,-0.00122051,1.89102
940,15.6667,268.821,297.241,21.7023,21.7043,-0.00206424,1.89353
941,15.6833,266.844,303.86,21.7336,21.7359,-0.0022997,1.89562
942,15.7,264.79,310.805,21.7664,21.7675,-0.00110751,1.8973
943,15.7167,263.822,317.21,21.7957,21.7992,-0.00342344,1.89857
944,15.7333,262.231,324.221,21.8283,21.8308,-0.00250669,1.89942
945,15.75,261.194,331.208,21.8603,21.8625,-0.00215836,1.89986
946,15.7667,260.772,338.247,21.8922,21.8941,-0.00189231,1.89988
947,15.7833,259.81,345.282,21.9244,21.9258,-0.00139213,1.89949
948,15.8,259.763,352.176,21.9556,21.9575,-0.00181295,1.89868
949,15.8167,259.744,358.784,21.9856,21.9891,-0.00345733,1.89746
950,15.8333,259.711,365.885,22.0179,22.0207,-0.00284119,1.89582
951,15.85,259.8,372.784,22.0491,22.0523,-0.00313756,1.89377
952,15.8667,260.192,379.844,22.0812,22.0838,-0.00264031,1.89131
953,15.8833,261.257,386.784,22.113,22.1153,-0.00233298,1.88844
954,15.9,262.166,393.784,22.145,22.1468,-0.0017522,1.88516
955,15.9167,263.129,400.212,22.1745,22.1782,-0.00367165,1.88148
956,15.9333,264.786,407.196,22.207,22.2095,-0.00245291,1.87739
957,15.95,266.213,413.766,22.2375,22.2407,-0.00319983,1.87291
958,15.9667,268.17,420.199,22.268,22.2719,-0.0038723,1.86803
959,15.9833,270.174,426.774,22.2993,22.303,-0.00374876,1.86276
960,16,272.171,433.196,22.3298,22.334,-0.00422008,1.8571
961,16.0167,274.819,439.788,22.362,22.3649,-0.00288181,1.85106
962,16.0333,277.247,446.208,22.3932,22.3957,-0.00252189,1.84464
963,16.05,279.79,452.197,22.4227,22.4264,-0.00368667,1.83785
964,16.0667,282.84,458.208,22.4533,22.457,-0.00367251,1.83068
965,16.0833,286.253,464.216,22.4847,22.4874,-0.0027532,1.82316
966,16.1,289.174,470.163,22.5147,22.5177,-0.00302369,1.81527
967,16.1167,292.824,475.82,22.5453,22.5479,-0.00265606,1.80704
968,16.1333,296.242,481.2,22.5742,22.578,-0.00374497,1.79846
969,16.15,299.841,486.797,22.6044,22.6079,-0.00343537,1.78954
970,16.1667,303.835,491.852,22.6337,22.6376,-0.00394612,1.78028
971,16.1833,307.844,497.148,22.6638,22.6672,-0.00335699,1.77071
972,16.2,311.812,502.122,22.6927,22.6966,-0.00388826,1.76081
973,16.2167,316.187,506.85,22.722,22.7259,-0.00389604,1.7506
974,16.2333,320.735,511.868,22.7528,22.755,-0.00220815,1.74009
975,16.25,325.128,516.165,22.7807,22.7839,-0.0031927,1.72929
976,16.2667,329.821,520.827,22.8108,22.8126,-0.00185377,1.7182
977,16.2833,334.26,524.787,22.8378,22.8412,-0.00336106,1.70683
978,16.3,339.168,528.792,22.8666,22.8695,-0.0029123,1.69519
979,16.3167,343.819,532.824,22.8946,22.8977,-0.00309515,1.68329
980,16.3333,348.719,536.19,22.9216,22.9256,-0.00404458,1.67114
981,16.35,353.761,539.782,22.9498,22.9534,-0.00361618,1.65874
982,16.3667,358.808,543.222,22.9776,22.9809,-0.00335426,1.64611
983,16.3833,363.826,546.76,23.0055,23.0082,-0.00277509,1.63326
984,16.4,368.85,549.811,23.0322,23.0354,-0.00316295,1.6202
985,16.4167,374.255,552.819,23.0603,23.0623,-0.0019318,1.60692
986,16.4333,379.172,555.193,23.0851,23.0889,-0.00377827,1.59346
987,16.45,384.137,557.739,23.1105,23.1154,-0.00482919,1.57981
988,16.4667,389.843,560.161,23.1387,23.1416,-0.00283985,1.56599
989,16.4833,394.715,562.734,23.1637,23.1676,-0.00381953,1.552
990,16.5,400.284,564.763,23.1907,23.1933,-0.00262457,1.53786
991,16.5167,405.171,566.8,23.2148,23.2188,-0.00406415,1.52358
992,16.5333,410.725,568.199,23.2407,23.2441,-0.00336442,1.50917
993,16.55,415.787,570.209,23.2655,23.2691,-0.00365359,1.49464
994,16.5667,421.143,571.796,23.2909,23.2939,-0.00302824,1.48
995,16.5833,426.196,573.179,23.3147,23.3185,-0.00374352,1.46526
996,16.6,431.842,574.147,23.3407,23.3428,-0.00201797,1.45043
997,16.6167,436.813,575.186,23.3639,23.3668,-0.00293156,1.43553
998,16.6333,441.842,576.147,23.3872,23.3906,-0.00340249,1.42056
999,16.65,447.225,577.169,23.4122,23.4142,-0.00200499,1.40554
1000,16.6667,452.16,577.763,23.4348,23.4375,-0.00267362,1.39047
1001,16.6833,457.215,578.154,23.4579,23.4605,-0.00263077,1.37538
1002,16.7,462.249,578.726,23.481,23.4833,-0.00233905,1.36027
1003,16.7167,467.206,579.166,23.5036,23.5059,-0.00221487,1.34515
1004,16.7333,472.164,579.187,23.5262,23.5281,-0.00193669,1.33003
1005,16.75,476.808,579.219,23.5474,23.5502,-0.00280356,1.31493
1006,16.7667,481.811,579.182,23.5702,23.572,-0.00176814,1.29985
1007,16.7833,486.187,579.165,23.5902,23.5935,-0.00334588,1.28482
1008,16.8,491.206,579.162,23.613,23.6148,-0.0017703,1.26983
1009,16.8167,495.755,578.77,23.6338,23.6358,-0.00200403,1.2549
1010,16.8333,500.188,578.798,23.654,23.6566,-0.00268336,1.24005
1011,16.85,504.792,578.213,23.6751,23.6772,-0.00210607,1.22527
1012,16.8667,509.22,577.166,23.6957,23.6975,-0.00178642,1.2106
1013,16.8833,513.778,576.77,23.7165,23.7175,-0.00100591,1.19602
1014,16.9,517.813,576.124,23.7352,23.7373,-0.00219303,1.18157
1015,16.9167,522.211,575.186,23.7556,23.7569,-0.00127297,1.16724
1016,16.9333,526.169,574.171,23.7743,23.7763,-0.00198969,1.15305
1017,16.95,530.199,573.789,23.7926,23.7954,-0.00278059,1.13901
1018,16.9667,534.184,572.78,23.8113,23.8142,-0.00293037,1.12513
1019,16.9833,538.176,571.169,23.8308,23.8329,-0.00208963,1.11141
1020,17,542.182,570.159,23.8496,23.8513,-0.00165234,1.09788
1021,17.0167,546.18,569.167,23.8684,23.8695,-0.00108242,1.08454
1022,17.0333,549.812,567.793,23.8861,23.8874,-0.00135635,1.0714
1023,17.05,553.855,566.815,23.9049,23.9052,-0.000234517,1.05847
1024,17.0667,557.102,565.187,23.9214,23.9227,-0.00132016,1.04576
1025,17.0833,560.798,563.772,23.9394,23.94,-0.000590849,1.03328
1026,17.1,564.223,562.745,23.9557,23.9572,-0.00148076,1.02104
1027,17.1167,567.873,561.148,23.9738,23.9741,-0.000252441,1.00905
1028,17.1333,570.781,559.793,23.9884,23.9908,-0.00235644,0.99732
1029,17.15,574.209,558.19,24.0057,24.0073,-0.00163818,0.985854
1030,17.1667,577.884,556.194,24.0247,24.0237,0.00107468,0.974663
1031,17.1833,580.827,554.909,24.0393,24.0398,-0.000463236,0.963756
1032,17.2,583.849,553.181,24.0552,24.0558,-0.000579153,0.953141
1033,17.2167,586.826,551.835,24.07,24.0716,-0.00153499,0.942826
1034,17.2333,589.851,549.82,24.0866,24.0872,-0.00064408,0.932819
1035,17.25,592.779,548.214,24.1018,24.1027,-0.000892195,0.923127
1036,17.2667,595.791,546.159,24.1184,24.118,0.000406968,0.913759
1037,17.2833,598.16,544.795,24.1308,24.1331,-0.00229335,0.90472
1038,17.3,601.149,542.727,24.1474,24.1481,-0.000730837,0.896017
1039,17.3167,603.783,540.747,24.1624,24.163,-0.000577761,0.887658
1040,17.3333,606.743,539.175,24.1776,24.1777,-0.000130796,0.879649
1041,17.35,609.154,537.21,24.1918,24.1923,-0.000572356,0.871995
1042,17.3667,611.843,535.147,24.2072,24.2068,0.000410859,0.864702
1043,17.3833,614.219,533.15,24.2214,24.2212,0.000206983,0.857777
1044,17.4,616.788,531.147,24.2362,24.2354,0.000832421,0.851224
1045,17.4167,619.191,529.801,24.2486,24.2495,-0.000928007,0.845048
1046,17.4333,621.796,527.796,24.2636,24.2636,-4.27746e-06,0.839253
1047,17.45,623.796,525.796,24.2764,24.2775,-0.00110327,0.833845
1048,17.4667,626.201,523.822,24.2906,24.2914,-0.000791024,0.828827
1049,17.4833,628.203,521.166,24.3055,24.3051,0.00033233,0.824204
1050,17.5,630.753,519.196,24.3201,24.3188,0.00127618,0.819977
1051,17.5167,632.753,517.196,24.333,24.3325,0.000541904,0.816152
1052,17.5333,634.743,515.174,24.346,24.346,-9.15023e-05,0.81273
1053,17.55,636.743,513.174,24.3589,24.3596,-0.000705116,0.809715
1054,17.5667,639.148,511.162,24.3731,24.373,3.84765e-05,0.807108
1055,17.5833,641.158,508.804,24.3872,24.3865,0.000710819,0.804911
1056,17.6,643.158,506.804,24.4001,24.3999,0.000188124,0.803127
1057,17.6167,644.76,504.196,24.4138,24.4132,0.000563324,0.801756
1058,17.6333,646.769,502.174,24.4268,24.4266,0.000191521,0.8008
1059,17.65,648.769,500.174,24.4396,24.4399,-0.000298337,0.800258
1060,17.6667,650.756,497.817,24.4537,24.4533,0.000415234,0.800133
1061,17.6833,652.247,495.13,24.4675,24.4666,0.000905342,0.800423
1062,17.7,654.247,493.13,24.4803,24.48,0.000365405,0.801129
1063,17.7167,656.183,490.815,24.4941,24.4933,0.000742459,0.80225
1064,17.7333,657.763,488.18,24.508,24.5067,0.00131088,0.803785
1065,17.75,659.164,485.819,24.5205,24.5201,0.000388055,0.805734
1066,17.7667,661.164,483.819,24.5332,24.5336,-0.000362712,0.808093
1067,17.7833,662.772,481.16,24.5474,24.5471,0.000301348,0.810863
1068,17.8,664.163,478.744,24.56,24.5606,-0.000545774,0.81404
1069,17.8167,666.165,476.253,24.5745,24.5742,0.000342667,0.817622
1070,17.8333,667.788,473.842,24.5878,24.5878,-9.33682e-05,0.821607
1071,17.85,669.21,470.83,24.6029,24.6016,0.00128757,0.825991
1072,17.8667,670.799,468.199,24.6169,24.6154,0.00149601,0.830772
1073,17.8833,672.164,465.829,24.6293,24.6293,7.27177e-05,0.835945
1074,17.9,673.8,462.815,24.645,24.6432,0.00172625,0.841507
1075,17.9167,675.157,460.163,24.6586,24.6573,0.00123023,0.847453
1076,17.9333,676.79,457.206,24.6739,24.6715,0.00243965,0.85378
1077,17.95,677.828,454.79,24.6859,24.6858,0.000124672,0.860481
1078,17.9667,679.132,451.807,24.7008,24.7002,0.000565977,0.867553
1079,17.9833,680.789,448.813,24.7163,24.7147,0.00158607,0.87499
1080,18,681.85,445.855,24.7306,24.7294,0.00123024,0.882785
1081,18.0167,683.174,442.843,24.7456,24.7441,0.00144474,0.890934
1082,18.0333,684.228,439.822,24.7602,24.7591,0.00109831,0.89943
1083,18.05,685.816,436.769,24.7757,24.7741,0.00160927,0.908267
1084,18.0667,686.803,433.826,24.7899,24.7893,0.000525697,0.917438
1085,18.0833,687.815,430.159,24.8072,24.8047,0.00245098,0.926936
1086,18.1,688.832,427.166,24.8216,24.8202,0.00133201,0.936753
1087,18.1167,689.808,423.811,24.8375,24.8359,0.00156299,0.946884
1088,18.1333,690.797,420.803,24.8519,24.8518,0.000127936,0.957319
1089,18.15,691.814,417.178,24.8691,24.8678,0.00124321,0.96805
1090,18.1667,692.805,413.832,24.885,24.8841,0.000910829,0.979071
1091,18.1833,693.743,410.197,24.9021,24.9005,0.00159585,0.990372
1092,18.2,694.192,406.748,24.9179,24.9171,0.000781263,1.00195
1093,18.2167,695.176,402.828,24.9363,24.9339,0.00239574,1.01378
1094,18.2333,695.815,399.134,24.9534,24.9509,0.00248674,1.02587
1095,18.25,696.814,395.743,24.9694,24.9681,0.00128234,1.03821
1096,18.2667,697.2,391.796,24.9874,24.9855,0.00190224,1.05078
1097,18.2833,697.79,387.756,25.006,25.0031,0.00287908,1.06358
1098,18.3,698.198,384.225,25.0222,25.0209,0.00123454,1.07659
1099,18.3167,698.802,380.253,25.0404,25.039,0.00145496,1.08981
1100,18.3333,698.802,376.253,25.0586,25.0573,0.00133441,1.10323
1101,18.35,699.16,372.211,25.0771,25.0758,0.00131871,1.11683
1102,18.3667,699.149,367.818,25.0971,25.0945,0.00259199,1.13062
1103,18.3833,699.171,363.806,25.1154,25.1135,0.00192566,1.14456
1104,18.4,699.171,359.806,25.1336,25.1326,0.000981184,1.15866
1105,18.4167,699.207,355.251,25.1544,25.1521,0.00232843,1.17291
1106,18.4333,699.182,350.845,25.1745,25.1717,0.00274407,1.18729
1107,18.45,699.182,346.845,25.1927,25.1917,0.00103722,1.20179
1108,18.4667,698.765,342.225,25.2138,25.2118,0.00201396,1.21641
1109,18.4833,698.158,337.798,25.2342,25.2322,0.00196506,1.23113
1110,18.5,697.756,333.225,25.2551,25.2528,0.00224584,1.24593
1111,18.5167,697.182,328.845,25.2752,25.2737,0.00149052,1.26082
1112,18.5333,696.817,324.216,25.2963,25.2949,0.00144243,1.27577
1113,18.55,695.758,319.204,25.3196,25.3163,0.00336092,1.29078
1114,18.5667,694.799,314.801,25.3401,25.3379,0.00224434,1.30583
1115,18.5833,693.756,310.165,25.3618,25.3598,0.00200785,1.32092
1116,18.6,692.85,305.134,25.385,25.3819,0.00309286,1.33603
1117,18.6167,691.111,300.801,25.4061,25.4043,0.0018177,1.35115
1118,18.6333,690.212,295.835,25.429,25.427,0.0020332,1.36627
1119,18.65,688.78,290.771,25.4529,25.4499,0.00306031,1.38137
1120,18.6667,686.767,286.233,25.4754,25.473,0.00242024,1.39646
1121,18.6833,685.161,281.209,25.4994,25.4964,0.00300985,1.4115
1122,18.7,683.169,276.19,25.524,25.5201,0.00393004,1.42651
1123,18.7167,681.168,271.809,25.5459,25.544,0.00194579,1.44145
1124,18.7333,678.719,266.852,25.5711,25.5681,0.00296395,1.45632
1125,18.75,676.717,261.791,25.5958,25.5925,0.00327793,1.47112
1126,18.7667,674.211,257.154,25.6198,25.6171,0.00261054,1.48582
1127,18.7833,671.809,252.249,25.6446,25.642,0.00254086,1.50042
1128,18.8,668.786,247.163,25.6715,25.6672,0.00431102,1.51491
1129,18.8167,665.779,242.815,25.6955,25.6925,0.00295966,1.52927
1130,18.8333,662.753,237.858,25.7219,25.7181,0.00377398,1.54349
1131,18.85,659.779,233.166,25.7471,25.744,0.00317247,1.55757
1132,18.8667,656.148,228.797,25.7729,25.77,0.00288578,1.57149
1133,18.8833,652.758,224.183,25.799,25.7964,0.00263487,1.58525
1134,18.9,649.127,219.189,25.827,25.8229,0.00413957,1.59883
1135,18.9167,645.123,214.857,25.8538,25.8496,0.0041837,1.61222
1136,18.9333,641.148,210.813,25.8796,25.8766,0.002986,1.62541
1137,18.95,637.205,206.233,25.9071,25.9038,0.0032568,1.63839
1138,18.9667,633.125,201.821,25.9344,25.9312,0.00313071,1.65115
1139,18.9833,628.808,197.851,25.961,25.9589,0.00215157,1.66369
1140,19,624.18,193.811,25.9889,25.9867,0.00223431,1.67599
1141,19.0167,619.117,189.83,26.0182,26.0147,0.00347296,1.68804
1142,19.0333,614.806,185.91,26.0446,26.043,0.00167023,1.69984
1143,19.05,609.769,182.238,26.0729,26.0714,0.00155771,1.71137
1144,19.0667,604.203,178.202,26.1042,26.1,0.00417431,1.72263
1145,19.0833,599.1,174.827,26.132,26.1288,0.00316078,1.73361
1146,19.1,593.817,171.212,26.161,26.1578,0.00320915,1.7443
1147,19.1167,588.222,168.214,26.1898,26.187,0.00284176,1.75469
1148,19.1333,582.84,165.148,26.2179,26.2163,0.0016295,1.76478
1149,19.15,576.794,162.249,26.2483,26.2458,0.00257003,1.77455
1150,19.1667,570.813,159.182,26.2788,26.2754,0.00341345,1.784
1151,19.1833,564.735,156.752,26.3085,26.3052,0.00330339,1.79312
1152,19.2,558.823,154.226,26.3377,26.3352,0.00252076,1.8019
1153,19.2167,552.814,151.864,26.367,26.3653,0.00170539,1.81035
1154,19.2333,546.175,149.874,26.3984,26.3955,0.00289829,1.81845
1155,19.25,539.83,147.828,26.4287,26.4259,0.00277032,1.82619
1156,19.2667,533.175,146.167,26.4598,26.4564,0.00339331,1.83357
1157,19.2833,526.801,144.782,26.4894,26.487,0.00238067,1.84059
1158,19.3,520.214,143.211,26.5201,26.5178,0.00235912,1.84723
1159,19.3167,513.847,142.214,26.5494,26.5486,0.000751969,1.8535
1160,19.3333,506.787,141.271,26.5817,26.5795,0.00213255,1.85939
1161,19.35,499.82,140.254,26.6136,26.6106,0.00300178,1.8649
1162,19.3667,493.22,139.839,26.6436,26.6417,0.00185573,1.87001
1163,19.3833,486.185,139.756,26.6755,26.6729,0.00254637,1.87474
1164,19.4,479.218,139.818,26.7071,26.7042,0.00289435,1.87906
1165,19.4167,472.808,139.781,26.7362,26.7355,0.000639414,1.88299
1166,19.4333,465.855,139.774,26.7677,26.767,0.000719955,1.88651
1167,19.45,458.843,140.237,26.7995,26.7984,0.00108408,1.88962
1168,19.4667,451.833,141.222,26.8316,26.8299,0.00163724,1.89233
1169,19.4833,444.841,142.213,26.8636,26.8615,0.00208979,1.89463
1170,19.5,438.206,143.223,26.894,26.8931,0.000901466,1.89652
1171,19.5167,431.166,144.807,26.9267,26.9247,0.00197193,1.89799
1172,19.5333,424.832,146.204,26.9561,26.9564,-0.000293567,1.89905
1173,19.55,417.849,148.151,26.9889,26.988,0.000885954,1.8997
1174,19.5667,411.193,150.195,27.0204,27.0197,0.000759656,1.89992
1175,19.5833,404.702,152.761,27.052,27.0513,0.000699174,1.89974
1176,19.6,398.242,155.166,27.0833,27.083,0.000298615,1.89913
1177,19.6167,391.826,157.826,27.1148,27.1146,0.000147241,1.89812
1178,19.6333,385.232,160.787,27.1476,27.1463,0.00129362,1.89668
1179,19.65,379.19,163.799,27.1782,27.1779,0.000302351,1.89484
1180,19.6667,372.822,167.18,27.2109,27.2094,0.00142406,1.89258
1181,19.6833,366.839,170.237,27.2413,27.241,0.000298705,1.88991
1182,19.7,361.177,174.206,27.2725,27.2724,9.74126e-05,1.88684
1183,19.7167,355.179,177.84,27.3043,27.3038,0.000432141,1.88335
1184,19.7333,349.862,181.797,27.3343,27.3352,-0.000906228,1.87947
1185,19.75,344.184,186.197,27.3669,27.3665,0.000364562,1.87518
1186,19.7667,338.796,190.181,27.3972,27.3977,-0.00051507,1.8705
1187,19.7833,333.888,194.793,27.4277,27.4288,-0.00116269,1.86542
1188,19.8,328.757,199.159,27.4582,27.4599,-0.00169457,1.85996
1189,19.8167,323.79,204.17,27.4902,27.4908,-0.000682778,1.85411
1190,19.8333,318.831,209.114,27.5219,27.5217,0.000190582,1.84787
1191,19.85,314.258,214.229,27.553,27.5524,0.000526277,1.84127
1192,19.8667,310.27,219.219,27.5819,27.5831,-0.00116172,1.83429
1193,19.8833,305.819,224.192,27.6121,27.6136,-0.00147481,1.82694
1194,19.9,301.795,229.796,27.6433,27.644,-0.000617937,1.81923
1195,19.9167,297.794,235.16,27.6736,27.6742,-0.000573306,1.81117
1196,19.9333,294.246,240.804,27.7038,27.7043,-0.000502976,1.80276
1197,19.95,290.739,246.196,27.733,27.7343,-0.00134557,1.79401
1198,19.9667,287.805,252.199,27.7632,27.7641,-0.000959909,1.78492
1199,19.9833,284.194,257.767,27.7932,27.7938,-0.000641756,1.7755
1200,20,281.808,263.865,27.8227,27.8233,-0.000598356,1.76576
1201,20.0167,278.869,269.182,27.8502,27.8527,-0.00244804,1.75571
1202,20.0333,276.273,275.19,27.8799,27.8818,-0.00196466,1.74535
1203,20.05,273.865,281.167,27.9091,27.9108,-0.00176484,1.73469
1204,20.0667,271.865,287.167,27.9377,27.9396,-0.00192733,1.72374
1205,20.0833,269.865,293.167,27.9664,27.9683,-0.0018804,1.71251
1206,20.1,267.818,299.144,27.995,27.9967,-0.00171239,1.701
1207,20.1167,266.227,305.176,28.0233,28.025,-0.00169991,1.68923
1208,20.1333,264.788,311.17,28.0512,28.053,-0.00181976,1.6772
1209,20.15,263.819,317.151,28.0787,28.0809,-0.00222917,1.66493
1210,20.1667,262.805,323.168,28.1064,28.1085,-0.00218236,1.65241
1211,20.1833,261.819,329.151,28.1339,28.136,-0.00209625,1.63967
1212,20.2,260.789,335.186,28.1616,28.1632,-0.00157301,1.62671
1213,20.2167,260.235,340.815,28.1873,28.1902,-0.0029358,1.61354
1214,20.2333,259.828,346.834,28.2146,28.217,-0.00236746,1.60017
1215,20.25,259.877,352.84,28.2418,28.2435,-0.00171132,1.58661
1216,20.2667,259.815,358.169,28.266,28.2699,-0.00383844,1.57287
1217,20.2833,259.79,364.17,28.2933,28.296,-0.0026905,1.55896
1218,20.3,259.828,369.788,28.3188,28.3218,-0.00306,1.5449
1219,20.3167,260.251,375.697,28.3456,28.3475,-0.0018084,1.53069
1220,20.3333,260.767,381.195,28.3707,28.3728,-0.00213291,1.51634
1221,20.35,261.187,386.764,28.396,28.398,-0.00195305,1.50187
1222,20.3667,261.771,392.153,28.4206,28.4229,-0.00228772,1.48728
1223,20.3833,262.791,397.19,28.4439,28.4476,-0.00366559,1.47258
1224,20.4,263.777,402.823,28.4699,28.472,-0.00213729,1.4578
1225,20.4167,264.838,407.832,28.4931,28.4962,-0.0030796,1.44293
1226,20.4333,266.216,412.75,28.5162,28.5201,-0.00384315,1.428
1227,20.45,267.176,418.209,28.5413,28.5438,-0.00245371,1.413
1228,20.4667,268.8,422.816,28.5634,28.5672,-0.0037634,1.39796
1229,20.4833,270.208,427.772,28.5868,28.5904,-0.00356821,1.38288
1230,20.5,272.216,432.75,28.6111,28.6133,-0.00216635,1.36777
1231,20.5167,273.808,437.184,28.6325,28.636,-0.00343898,1.35265
1232,20.5333,275.838,441.821,28.6555,28.6584,-0.00287221,1.33753
1233,20.55,277.181,446.192,28.6762,28.6805,-0.00436116,1.32242
1234,20.5667,279.126,450.793,28.6988,28.7025,-0.00361264,1.30733
1235,20.5833,281.13,455.169,28.7207,28.7241,-0.00344567,1.29228
1236,20.6,283.164,459.185,28.7411,28.7455,-0.00443428,1.27726
1237,20.6167,285.865,463.173,28.7628,28.7667,-0.00387062,1.2623
1238,20.6333,287.843,467.162,28.7831,28.7876,-0.0045526,1.24741
1239,20.65,290.226,471.18,28.8043,28.8083,-0.00398636,1.2326
1240,20.6667,292.214,475.178,28.8245,28.8287,-0.00418363,1.21787
1241,20.6833,294.843,479.127,28.846,28.8489,-0.00282522,1.20324
1242,20.7,297.231,482.776,28.8659,28.8688,-0.00294986,1.18873
1243,20.7167,299.828,486.162,28.8852,28.8885,-0.003278,1.17433
1244,20.7333,302.189,489.82,28.905,28.9079,-0.00296894,1.16007
1245,20.75,304.835,493.13,28.9242,28.9272,-0.0029441,1.14596
1246,20.7667,307.209,496.156,28.9417,28.9461,-0.00444407,1.132
1247,20.7833,309.818,499.809,28.9621,28.9649,-0.00283664,1.1182
1248,20.8,312.804,502.775,28.9811,28.9834,-0.00231248,1.10458
1249,20.8167,315.166,505.83,28.9986,29.0017,-0.00308225,1.09114
1250,20.8333,317.857,508.766,29.0167,29.0198,-0.00306011,1.0779
1251,20.85,320.844,511.783,29.036,29.0377,-0.00162523,1.06486
1252,20.8667,323.183,514.188,29.0513,29.0553,-0.00401154,1.05204
1253,20.8833,325.829,517.187,29.0694,29.0727,-0.00330215,1.03945
1254,20.9,328.85,519.808,29.0876,29.0899,-0.00237358,1.02709
1255,20.9167,331.198,522.185,29.1027,29.107,-0.00421723,1.01497
1256,20.9333,334.237,524.763,29.1208,29.1238,-0.00293231,1.00311
1257,20.95,336.836,527.187,29.137,29.1404,-0.00341144,0.991512
1258,20.9667,339.814,529.201,29.1532,29.1568,-0.00358599,0.980183
1259,20.9833,342.79,531.76,29.1711,29.1731,-0.00197712,0.969134
1260,21,345.172,533.824,29.1854,29.1891,-0.00372224,0.958373
1261,21.0167,348.176,535.763,29.2016,29.205,-0.00339552,0.947908
1262,21.0333,350.827,537.791,29.2168,29.2207,-0.00392162,0.937747
1263,21.05,353.788,539.774,29.233,29.2363,-0.00325314,0.927898
1264,21.0667,356.233,541.778,29.2474,29.2517,-0.00430381,0.918368
1265,21.0833,359.195,543.827,29.2637,29.2669,-0.00315677,0.909165
1266,21.1,362.211,545.802,29.2801,29.282,-0.00184575,0.900294
1267,21.1167,364.816,547.155,29.2934,29.2969,-0.00347462,0.891764
1268,21.1333,367.884,548.797,29.3093,29.3117,-0.0024465,0.88358
1269,21.15,370.218,550.767,29.3229,29.3264,-0.00342257,0.875749
1270,21.1667,373.156,552.172,29.3377,29.3409,-0.00318368,0.868277
1271,21.1833,375.862,553.797,29.352,29.3553,-0.00325744,0.861168
1272,21.2,378.783,555.15,29.3667,29.3696,-0.00293279,0.85443
1273,21.2167,381.918,556.168,29.3815,29.3838,-0.00229486,0.848066
1274,21.2333,384.196,557.805,29.3941,29.3979,-0.00377847,0.842081
1275,21.25,387.201,559.196,29.4092,29.4119,-0.00269718,0.836481
1276,21.2667,389.763,560.179,29.4216,29.4258,-0.00412575,0.831269
1277,21.2833,392.836,561.813,29.4374,29.4396,-0.00214131,0.826449
1278,21.3,395.181,562.741,29.4489,29.4533,-0.00440736,0.822025
1279,21.3167,398.192,563.77,29.4634,29.467,-0.00361575,0.818
1280,21.3333,401.159,565.158,29.4782,29.4806,-0.00233768,0.814378
1281,21.35,403.771,566.153,29.491,29.4941,-0.00316376,0.811161
1282,21.3667,406.773,567.164,29.5054,29.5076,-0.00225101,0.80835
1283,21.3833,409.119,568.274,29.5171,29.5211,-0.00396643,0.80595
1284,21.4,412.232,568.766,29.5312,29.5345,-0.00323331,0.803961
1285,21.4167,415.13,569.8,29.5453,29.5479,-0.00261221,0.802385
1286,21.4333,417.748,570.84,29.558,29.5612,-0.0031996,0.801222
1287,21.45,420.842,571.143,29.572,29.5746,-0.00262167,0.800475
1288,21.4667,423.174,572.121,29.5834,29.5879,-0.00453218,0.800143
1289,21.4833,426.273,572.789,29.5978,29.6013,-0.00344334,0.800227
1290,21.5,429.136,573.776,29.6115,29.6146,-0.00304804,0.800727
1291,21.5167,432.253,574.246,29.6259,29.6279,-0.00209268,0.801642
1292,21.5333,434.817,574.745,29.6378,29.6413,-0.00356311,0.802972
1293,21.55,437.825,575.812,29.6521,29.6547,-0.00257303,0.804715
1294,21.5667,440.837,576.211,29.6659,29.6681,-0.0021997,0.806871
1295,21.5833,443.756,576.802,29.6795,29.6816,-0.00212201,0.809437
1296,21.6,446.824,577.186,29.6935,29.6951,-0.00157933,0.812412
1297,21.6167,449.805,577.163,29.707,29.7087,-0.00172144,0.815793
1298,21.6333,452.783,577.72,29.7208,29.7223,-0.00155468,0.819579
1299,21.65,455.239,578.144,29.7321,29.736,-0.0039084,0.823765
1300,21.6667,458.798,578.211,29.7483,29.7498,-0.00151093,0.82835
1301,21.6833,461.811,578.808,29.7622,29.7636,-0.00143644,0.833328
1302,21.7,464.773,578.706,29.7756,29.7776,-0.0019416,0.838698
1303,21.7167,467.822,579.194,29.7896,29.7916,-0.0019594,0.844454
1304,21.7333,470.802,579.16,29.8032,29.8057,-0.00252671,0.850592
1305,21.75,473.828,579.171,29.817,29.8199,-0.00296737,0.857108
1306,21.7667,477.171,579.179,29.8322,29.8343,-0.00205872,0.863997
1307,21.7833,480.201,579.192,29.846,29.8487,-0.00269726,0.871253
1308,21.8,483.149,579.187,29.8595,29.8633,-0.00383421,0.878871
1309,21.8167,486.83,579.21,29.8763,29.878,-0.00176288,0.886845
1310,21.8333,489.781,579.183,29.8897,29.8929,-0.00316703,0.89517
1311,21.85,493.217,579.161,29.9054,29.9079,-0.00252018,0.903839
1312,21.8667,496.831,578.732,29.9219,29.923,-0.0010933,0.912844
1313,21.8833,499.808,578.802,29.9354,29.9383,-0.00289964,0.922181
1314,21.9,503.227,578.122,29.9512,29.9538,-0.00254628,0.931841
1315,21.9167,506.808,577.769,29.9676,29.9694,-0.00175991,0.941817
1316,21.9333,510.242,577.191,29.9835,29.9852,-0.00167788,0.952101
1317,21.95,513.762,576.81,29.9996,30.0011,-0.00150359,0.962687
1318,21.9667,517.209,576.202,30.0156,30.0172,-0.00168461,0.973565
1319,21.9833,520.804,575.769,30.032,30.0336,-0.00153493,0.984728
1320,22,524.254,574.748,30.0484,30.0501,-0.00171559,0.996168
1321,22.0167,527.856,574.208,30.0649,30.0668,-0.00184357,1.00787
1322,22.0333,531.144,573.171,30.0806,30.0837,-0.00307364,1.01984
1323,22.05,535.132,572.173,30.0994,30.1008,-0.00141913,1.03206
1324,22.0667,538.856,571.137,30.117,30.1181,-0.00108865,1.04451
1325,22.0833,542.236,570.172,30.133,30.1356,-0.00256737,1.0572
1326,22.1,546.176,569.149,30.1516,30.1533,-0.00174884,1.07011
1327,22.1167,549.828,567.806,30.1693,30.1713,-0.0019588,1.08322
1328,22.1333,553.837,566.84,30.188,30.1894,-0.00141767,1.09655
1329,22.15,557.144,565.169,30.2048,30.2078,-0.00303483,1.11006
1330,22.1667,561.147,563.751,30.2241,30.2264,-0.00228772,1.12375
1331,22.1833,565.178,562.216,30.2438,30.2453,-0.00147822,1.13762
1332,22.2,568.797,560.237,30.2625,30.2643,-0.00181836,1.15165
1333,22.2167,572.767,558.718,30.2819,30.2837,-0.0017733,1.16582
1334,22.2333,576.767,556.718,30.3023,30.3032,-0.000929385,1.18014
1335,22.25,580.764,554.739,30.3226,30.323,-0.000374382,1.19458
1336,22.2667,584.814,552.772,30.3431,30.343,0.000109842,1.20914
1337,22.2833,588.212,550.707,30.3613,30.3633,-0.00205195,1.22381
1338,22.3,592.248,548.288,30.3827,30.3838,-0.00111138,1.23857
1339,22.3167,596.187,545.81,30.4039,30.4046,-0.000646233,1.25342
1340,22.3333,600.185,543.209,30.4257,30.4256,0.000104653,1.26834
1341,22.35,603.831,540.785,30.4457,30.4469,-0.00117877,1.28332
1342,22.3667,607.867,538.136,30.4677,30.4684,-0.000680407,1.29836
1343,22.3833,611.79,535.173,30.4901,30.4901,-1.85041e-05,1.31343
1344,22.4,615.872,532.146,30.5133,30.5122,0.00113594,1.32853
1345,22.4167,619.143,529.184,30.5334,30.5344,-0.00102993,1.34364
1346,22.4333,623.199,526.185,30.5564,30.557,-0.000584742,1.35876
1347,22.45,626.781,522.831,30.5787,30.5797,-0.000990489,1.37388
1348,22.4667,630.81,519.177,30.6035,30.6027,0.000792391,1.38897
1349,22.4833,634.194,515.763,30.6255,30.626,-0.000556732,1.40404
1350,22.5,637.914,512.158,30.6491,30.6496,-0.000458443,1.41907
1351,22.5167,641.938,508.165,30.6749,30.6733,0.00158412,1.43404
1352,22.5333,645.181,504.182,30.6983,30.6974,0.00095114,1.44895
1353,22.55,648.803,500.173,30.7229,30.7216,0.0013014,1.46378
1354,22.5667,651.829,496.162,30.7458,30.7461,-0.000324859,1.47853
1355,22.5833,655.239,491.809,30.771,30.7709,0.000133207,1.49319
1356,22.6,658.87,487.158,30.7979,30.7959,0.00200998,1.50773
1357,22.6167,661.752,482.8,30.8217,30.8212,0.000567763,1.52215
1358,22.6333,664.782,478.19,30.8469,30.8467,0.000228686,1.53645
1359,22.65,667.769,473.196,30.8734,30.8724,0.00103589,1.5506
1360,22.6667,670.745,468.198,30.8999,30.8983,0.00160458,1.5646
1361,22.6833,673.253,463.149,30.9256,30.9245,0.00111129,1.57844
1362,22.7,676.224,458.265,30.9517,30.951,0.000701679,1.59211
1363,22.7167,678.738,452.82,30.979,30.9776,0.00138536,1.60559
1364,22.7333,681.188,447.812,31.0044,31.0045,-9.11234e-05,1.61888
1365,22.75,683.172,442.219,31.0314,31.0316,-0.000167113,1.63197
1366,22.7667,685.873,436.188,31.0615,31.0589,0.00261104,1.64485
1367,22.7833,687.787,430.774,31.0876,31.0864,0.00125225,1.6575
1368,22.8,689.804,424.792,31.1164,31.1141,0.00227665,1.66992
1369,22.8167,691.233,419.107,31.1431,31.1421,0.00103295,1.68209
1370,22.8333,692.872,413.159,31.1712,31.1702,0.00102354,1.69402
1371,22.85,694.188,407.141,31.1993,31.1985,0.000769367,1.70568
1372,22.8667,695.737,400.806,31.229,31.227,0.00194436,1.71708
1373,22.8833,696.801,394.801,31.2568,31.2558,0.00101218,1.7282
1374,22.9,697.742,388.167,31.2873,31.2846,0.00263438,1.73903
1375,22.9167,698.227,382.261,31.3143,31.3137,0.000552723,1.74957
1376,22.9333,698.745,375.754,31.344,31.343,0.00106876,1.75981
1377,22.95,699.277,369.139,31.3743,31.3724,0.00189308,1.76974
1378,22.9667,699.249,362.791,31.4032,31.402,0.00124206,1.77935
1379,22.9833,699.15,356.183,31.4333,31.4317,0.00165573,1.78863
1380,23,699.202,349.891,31.462,31.4616,0.000438069,1.79759
1381,23.0167,698.814,342.798,31.4944,31.4916,0.00277549,1.8062
1382,23.0333,698.196,336.24,31.5244,31.5218,0.00261352,1.81447
1383,23.05,697.173,329.894,31.5537,31.5521,0.00158845,1.82239
1384,23.0667,696.162,323.17,31.5847,31.5825,0.00216616,1.82995
1385,23.0833,695.201,316.252,31.6165,31.6131,0.00340183,1.83715
1386,23.1,693.742,309.871,31.6463,31.6438,0.00253628,1.84398
1387,23.1167,692.213,303.153,31.6777,31.6745,0.00311355,1.85044
1388,23.1333,690.253,296.854,31.7077,31.7054,0.00225288,1.85652
1389,23.15,688.224,290.199,31.7394,31.7364,0.00294582,1.86221
1390,23.1667,686.182,283.858,31.7697,31.7675,0.0021773,1.86752
1391,23.1833,683.774,277.204,31.8019,31.7987,0.00318554,1.87244
1392,23.2,680.778,271.216,31.8323,31.8299,0.00235543,1.87696
1393,23.2167,678.254,264.786,31.8637,31.8612,0.00242148,1.88109
1394,23.2333,674.793,258.791,31.8951,31.8926,0.00248511,1.88481
1395,23.25,671.799,252.855,31.9254,31.9241,0.00131082,1.88813
1396,23.2667,668.219,246.816,31.9573,31.9556,0.00177565,1.89104
1397,23.2833,664.774,240.804,31.9888,31.9871,0.00174654,1.89354
1398,23.3,660.786,234.825,32.0215,32.0187,0.00285455,1.89563
1399,23.3167,656.753,229.189,32.053,32.0503,0.00276682,1.89731
1400,23.3333,652.767,223.84,32.0834,32.0819,0.00146253,1.89858
1401,23.35,648.165,218.205,32.1165,32.1136,0.00288927,1.89943
1402,23.3667,643.753,212.851,32.148,32.1452,0.00274247,1.89986
1403,23.3833,638.783,207.857,32.18,32.1769,0.00308106,1.89988
1404,23.4,633.762,202.842,32.2122,32.2086,0.00369191,1.89948
1405,23.4167,628.744,198.265,32.2431,32.2402,0.00293657,1.89867
1406,23.4333,623.796,193.205,32.2752,32.2718,0.00339942,1.89745
1407,23.45,618.183,188.864,32.3075,32.3035,0.00400479,1.89581
1408,23.4667,612.746,184.755,32.3384,32.335,0.00341422,1.89375
1409,23.4833,607.125,180.281,32.3711,32.3666,0.00450162,1.89129
1410,23.5,601.773,176.837,32.4,32.3981,0.00191543,1.88841
1411,23.5167,595.773,172.837,32.4328,32.4295,0.00324101,1.88513
1412,23.5333,589.825,169.253,32.4643,32.4609,0.00340853,1.88145
1413,23.55,583.797,165.797,32.4959,32.4922,0.0036438,1.87736
1414,23.5667,577.795,162.807,32.5263,32.5235,0.00284915,1.87287
1415,23.5833,571.797,159.797,32.5568,32.5547,0.00214782,1.86799
1416,23.6,565.235,156.729,32.5897,32.5857,0.00392627,1.86272
1417,23.6167,559.175,154.208,32.6194,32.6167,0.00269925,1.85706
1418,23.6333,552.806,152.238,32.6497,32.6476,0.00201658,1.85102
1419,23.65,546.173,149.806,32.6817,32.6784,0.0032816,1.84459
1420,23.6667,539.782,147.857,32.712,32.7091,0.00291491,1.8378
1421,23.6833,533.188,146.212,32.7429,32.7397,0.00318028,1.83063
1422,23.7,526.751,144.853,32.7728,32.7702,0.00260084,1.8231
1423,23.7167,520.167,143.272,32.8035,32.8005,0.00299721,1.81522
1424,23.7333,513.752,142.206,32.833,32.8307,0.00231728,1.80698
1425,23.75,507.167,141.222,32.8632,32.8607,0.00247443,1.79839
1426,23.7667,500.756,140.8,32.8923,32.8906,0.00171449,1.78947
1427,23.7833,494.215,139.842,32.9222,32.9203,0.00189437,1.78022
1428,23.8,487.756,139.827,32.9515,32.9499,0.00156901,1.77064
1429,23.8167,481.202,139.791,32.9813,32.9794,0.00189701,1.76074
1430,23.8333,474.834,139.777,33.0102,33.0086,0.00154464,1.75053
1431,23.85,468.21,139.797,33.0402,33.0377,0.00249291,1.74002
1432,23.8667,461.748,140.324,33.0696,33.0666,0.00298989,1.72921
1433,23.8833,455.792,140.86,33.0967,33.0954,0.00138998,1.71812
1434,23.9,449.219,141.836,33.1269,33.1239,0.00298864,1.70675
1435,23.9167,443.21,142.17,33.154,33.1522,0.00178764,1.6951
1436,23.9333,437.21,143.87,33.1822,33.1804,0.00178027,1.6832
1437,23.95,431.218,144.876,33.2097,33.2084,0.0013628,1.67105
1438,23.9667,425.155,146.225,33.2379,33.2361,0.0017623,1.65865
1439,23.9833,419.185,147.829,33.2659,33.2636,0.00223007,1.64602
